{
    "AS_Button_i407472123564e21a4b6fc955052b960": {
        "id": "AS_Button_i407472123564e21a4b6fc955052b960",
        "type": "ACTION_SEQUENCE",
        "params": [{
            "datatype": "collection",
            "name": "eventobject"
        }],
        "contextObj": {
            "name": "frmHeartDiseasePrediction",
            "type": "forms",
            "platform": "",
            "KUID": "e2b9421c9e424f048e1d680da53a94c2"
        },
        "language": "js",
        "actions": [{
            "id": "ADD_SNIPPET__c0b47b283f1f44919353220bef48ada8",
            "type": "ADD_SNIPPET",
            "codeSnippet": "if(sknBtn4 === eventobject.skin) {\n  cp = 3;\n  eventobject.skin = sknBtn5;\n  this.view.inputFourOptions.btnInput1.skin = sknBtn4;\n  this.view.inputFourOptions.btnInput2.skin = sknBtn4;\n  this.view.inputFourOptions.btnInput4.skin = sknBtn4;\n} else if(sknBtn5 === eventobject.skin) {\n  cp = -1;\n  eventobject.skin = sknBtn4;\n}",
            "parentId": null
        }]
    }
}