{
    "AS_Button_h4891338ed834581af51fb7671c1a880": {
        "id": "AS_Button_h4891338ed834581af51fb7671c1a880",
        "type": "ACTION_SEQUENCE",
        "params": [{
            "datatype": "collection",
            "name": "eventobject"
        }],
        "contextObj": {
            "name": "frmHeartDiseasePrediction",
            "type": "forms",
            "platform": "",
            "KUID": "e2b9421c9e424f048e1d680da53a94c2"
        },
        "language": "js",
        "actions": [{
            "id": "ADD_SNIPPET__b26032cb01e746d8854de9383653a9d0",
            "type": "ADD_SNIPPET",
            "codeSnippet": "if(sknBtn4 === eventobject.skin) {\n  ca = 2;\n  eventobject.skin = sknBtn5;\n  this.view.inputThreeOptions2.btnInput1.skin = sknBtn4;\n  this.view.inputThreeOptions2.btnInput2.skin = sknBtn4;\n} else if(sknBtn5 === eventobject.skin) {\n  ca = -1;\n  eventobject.skin = sknBtn4;\n}",
            "parentId": null
        }]
    }
}