{
    "AS_Button_f178535005d348c89a04e697be9a1829": {
        "id": "AS_Button_f178535005d348c89a04e697be9a1829",
        "type": "ACTION_SEQUENCE",
        "params": [{
            "datatype": "collection",
            "name": "eventobject"
        }],
        "contextObj": {
            "name": "frmHeartDiseasePrediction",
            "type": "forms",
            "platform": "",
            "KUID": "e2b9421c9e424f048e1d680da53a94c2"
        },
        "language": "js",
        "actions": [{
            "id": "ADD_SNIPPET__jfa252057cd842689143fc84968373cf",
            "type": "ADD_SNIPPET",
            "codeSnippet": "if(sknBtn4 === eventobject.skin) {\n  thal = 3;\n  eventobject.skin = sknBtn5;\n  this.view.inputThreeOptions3.btnInput2.skin = sknBtn4;\n  this.view.inputThreeOptions3.btnInput3.skin = sknBtn4;\n} else if(sknBtn5 === eventobject.skin) {\n  thal = -1;\n  eventobject.skin = sknBtn4;\n}",
            "parentId": null,
            "callbackType": null
        }]
    }
}