{
    "AS_Button_gdae899c9b7c4e3c89699779af486073": {
        "id": "AS_Button_gdae899c9b7c4e3c89699779af486073",
        "type": "ACTION_SEQUENCE",
        "params": [{
            "datatype": "collection",
            "name": "eventobject"
        }],
        "contextObj": {
            "name": "frmHeartDiseasePrediction",
            "type": "forms",
            "platform": "",
            "KUID": "e2b9421c9e424f048e1d680da53a94c2"
        },
        "language": "js",
        "actions": [{
            "id": "ADD_SNIPPET__j2bdefb33c514d81a1fb0f12aa82e974",
            "type": "ADD_SNIPPET",
            "codeSnippet": "if(sknBtn1 === eventobject.skin) {\n  exang = 0;\n  eventobject.skin = sknBtn2;\n  this.view.inputTwoOptions2.btnInput1.skin = sknBtn1;\n} else if(sknBtn2 === eventobject.skin) {\n  exang = -1;\n  eventobject.skin = sknBtn1;\n}",
            "parentId": null
        }]
    }
}