{
    "AS_Button_c5bb53ace4844eee95301b9c3ee73e5c": {
        "id": "AS_Button_c5bb53ace4844eee95301b9c3ee73e5c",
        "type": "ACTION_SEQUENCE",
        "params": [{
            "datatype": "collection",
            "name": "eventobject"
        }],
        "contextObj": {
            "name": "frmHeartDiseasePrediction",
            "type": "forms",
            "platform": "",
            "KUID": "e2b9421c9e424f048e1d680da53a94c2"
        },
        "language": "js",
        "actions": [{
            "id": "INVOKE_FUNCTION___a2aa3e2667694dc99989e99d1a046061",
            "type": "INVOKE_FUNCTION",
            "sequenceKUID": "validateInputs",
            "display": "validateInputs",
            "inputparams": [],
            "parentId": null,
            "callbackType": null,
            "disabled": null,
            "source": "controller"
        }]
    }
}