{
    "AS_Button_e8833812ba3b4a7bb84d0a1883378706": {
        "id": "AS_Button_e8833812ba3b4a7bb84d0a1883378706",
        "type": "ACTION_SEQUENCE",
        "params": [{
            "datatype": "collection",
            "name": "eventobject"
        }],
        "contextObj": {
            "name": "frmHeartDiseasePrediction",
            "type": "forms",
            "platform": "",
            "KUID": "e2b9421c9e424f048e1d680da53a94c2"
        },
        "language": "js",
        "actions": [{
            "id": "ADD_SNIPPET__c57ee990944e48aabd475309be2242e9",
            "type": "ADD_SNIPPET",
            "codeSnippet": "if(sknBtn4 === eventobject.skin) {\n  cp = 4;\n  eventobject.skin = sknBtn5;\n  this.view.inputFourOptions.btnInput1.skin = sknBtn4;\n  this.view.inputFourOptions.btnInput2.skin = sknBtn4;\n  this.view.inputFourOptions.btnInput3.skin = sknBtn4;\n} else if(sknBtn5 === eventobject.skin) {\n  cp = -1;\n  eventobject.skin = sknBtn4;\n}",
            "parentId": null
        }]
    }
}