{
    "AS_Button_h291975d64814b18b703ed28dd2e3198": {
        "id": "AS_Button_h291975d64814b18b703ed28dd2e3198",
        "type": "ACTION_SEQUENCE",
        "params": [{
            "datatype": "collection",
            "name": "eventobject"
        }],
        "contextObj": {
            "name": "frmHeartDiseasePrediction",
            "type": "forms",
            "platform": "",
            "KUID": "e2b9421c9e424f048e1d680da53a94c2"
        },
        "language": "js",
        "actions": [{
            "id": "ADD_SNIPPET__b6b015027acd4f4ba21e443af87651fa",
            "type": "ADD_SNIPPET",
            "codeSnippet": "if(sknBtn1 === eventobject.skin) {\n  fbs = 0;\n  eventobject.skin = sknBtn2;\n  this.view.inputTwoOptions1.btnInput1.skin = sknBtn1;\n} else if(sknBtn2 === eventobject.skin) {\n  fbs = -1;\n  eventobject.skin = sknBtn1;\n}",
            "parentId": null
        }]
    }
}