{
    "AS_Button_f344328ef4b34b96a0f22acf7bd2c5ea": {
        "id": "AS_Button_f344328ef4b34b96a0f22acf7bd2c5ea",
        "type": "ACTION_SEQUENCE",
        "params": [{
            "datatype": "collection",
            "name": "eventobject"
        }],
        "contextObj": {
            "name": "frmHeartDiseasePrediction",
            "type": "forms",
            "platform": "",
            "KUID": "e2b9421c9e424f048e1d680da53a94c2"
        },
        "language": "js",
        "actions": [{
            "id": "ADD_SNIPPET__cfcf97e842d34cdb918b191591654884",
            "type": "ADD_SNIPPET",
            "codeSnippet": "if(sknBtn1 === eventobject.skin) {\n  exang = 1;\n  eventobject.skin = sknBtn2;\n  this.view.inputTwoOptions2.btnInput2.skin = sknBtn1;\n} else if(sknBtn2 === eventobject.skin) {\n  exang = -1;\n  eventobject.skin = sknBtn1;\n}",
            "parentId": null,
            "callbackType": null
        }]
    }
}