{
    "AS_Button_ad0134b7126c452bbd29a4c59f2f6739": {
        "id": "AS_Button_ad0134b7126c452bbd29a4c59f2f6739",
        "type": "ACTION_SEQUENCE",
        "params": [{
            "datatype": "collection",
            "name": "eventobject"
        }],
        "contextObj": {
            "name": "frmHeartDiseasePrediction",
            "type": "forms",
            "platform": "",
            "KUID": "e2b9421c9e424f048e1d680da53a94c2"
        },
        "language": "js",
        "actions": [{
            "id": "ADD_SNIPPET__j2267094d1f64535aa740df11255b16f",
            "type": "ADD_SNIPPET",
            "codeSnippet": "if(sknBtn4 === eventobject.skin) {\n  restecg = 1;\n  eventobject.skin = sknBtn5;\n  this.view.inputThreeOptions.btnInput1.skin = sknBtn4;\n  this.view.inputThreeOptions.btnInput3.skin = sknBtn4;\n} else if(sknBtn5 === eventobject.skin) {\n  restecg = -1;\n  eventobject.skin = sknBtn4;\n}",
            "parentId": null
        }]
    }
}