{
    "AS_Button_ebeaa4ea88d7467d965fa6dacc5e4437": {
        "id": "AS_Button_ebeaa4ea88d7467d965fa6dacc5e4437",
        "type": "ACTION_SEQUENCE",
        "params": [{
            "datatype": "collection",
            "name": "eventobject"
        }],
        "contextObj": {
            "name": "frmHeartDiseasePrediction",
            "type": "forms",
            "platform": "",
            "KUID": "e2b9421c9e424f048e1d680da53a94c2"
        },
        "language": "js",
        "actions": [{
            "id": "ADD_SNIPPET__cca52930f370467099350337c293825b",
            "type": "ADD_SNIPPET",
            "codeSnippet": "if(sknBtn4 === eventobject.skin) {\n  cp = 1;\n  eventobject.skin = sknBtn5;\n  this.view.inputFourOptions.btnInput2.skin = sknBtn4;\n  this.view.inputFourOptions.btnInput3.skin = sknBtn4;\n  this.view.inputFourOptions.btnInput4.skin = sknBtn4;  \n} else if(sknBtn5 === eventobject.skin) {\n  cp = -1;\n  eventobject.skin = sknBtn4;\n}",
            "parentId": null,
            "callbackType": null
        }]
    }
}