{
    "AS_Button_g66dc3dc5d574e30ba1526306594097d": {
        "id": "AS_Button_g66dc3dc5d574e30ba1526306594097d",
        "type": "ACTION_SEQUENCE",
        "params": [{
            "datatype": "collection",
            "name": "eventobject"
        }],
        "contextObj": {
            "name": "frmHeartDiseasePrediction",
            "type": "forms",
            "platform": "",
            "KUID": "e2b9421c9e424f048e1d680da53a94c2"
        },
        "language": "js",
        "actions": [{
            "id": "ADD_SNIPPET__icbe0270ceb2476282d4a385ff8f3ba8",
            "type": "ADD_SNIPPET",
            "codeSnippet": "if(sknBtn1 === eventobject.skin) {\n  fbs = 1;\n  eventobject.skin = sknBtn2;\n  this.view.inputTwoOptions1.btnInput2.skin = sknBtn1;\n} else if(sknBtn2 === eventobject.skin) {\n  fbs = -1;\n  eventobject.skin = sknBtn1;\n}",
            "parentId": null
        }]
    }
}