{
    "AS_Button_gfc495503e9b456e88d4ed7bedeee147": {
        "id": "AS_Button_gfc495503e9b456e88d4ed7bedeee147",
        "type": "ACTION_SEQUENCE",
        "params": [{
            "datatype": "collection",
            "name": "eventobject"
        }],
        "contextObj": {
            "name": "frmHeartDiseasePrediction",
            "type": "forms",
            "platform": "",
            "KUID": "e2b9421c9e424f048e1d680da53a94c2"
        },
        "language": "js",
        "actions": [{
            "id": "ADD_SNIPPET__g9eb6cb7113a4a1bbf8f6cdeecd74b36",
            "type": "ADD_SNIPPET",
            "codeSnippet": "if(sknBtn4 === eventobject.skin) {\n  ca = 1;\n  eventobject.skin = sknBtn5;\n  this.view.inputThreeOptions2.btnInput1.skin = sknBtn4;\n  this.view.inputThreeOptions2.btnInput3.skin = sknBtn4;\n} else if(sknBtn5 === eventobject.skin) {\n  ca = -1;\n  eventobject.skin = sknBtn4;\n}",
            "parentId": null
        }]
    }
}