{
    "AS_Button_hef8628668134a70962a3283ca7f6bf9": {
        "id": "AS_Button_hef8628668134a70962a3283ca7f6bf9",
        "type": "ACTION_SEQUENCE",
        "params": [{
            "datatype": "collection",
            "name": "eventobject"
        }],
        "contextObj": {
            "name": "frmHeartDiseasePrediction",
            "type": "forms",
            "platform": "",
            "KUID": "e2b9421c9e424f048e1d680da53a94c2"
        },
        "language": "js",
        "actions": [{
            "id": "ADD_SNIPPET__e32a1feb83a24ff6a89869cf2856d49f",
            "type": "ADD_SNIPPET",
            "codeSnippet": "if(sknBtn1 === eventobject.skin) {\n  sex = 1;\n  eventobject.skin = sknBtn2;\n  this.view.inputTwoOptions.btnInput2.skin = sknBtn1;\n} else if(sknBtn2 === eventobject.skin) {\n  sex = -1;\n  eventobject.skin = sknBtn1;\n}",
            "parentId": null,
            "callbackType": null
        }]
    }
}