{
    "AS_Button_a64f9c8174f54d14a57ac0af9d850013": {
        "id": "AS_Button_a64f9c8174f54d14a57ac0af9d850013",
        "type": "ACTION_SEQUENCE",
        "params": [{
            "datatype": "collection",
            "name": "eventobject"
        }],
        "contextObj": {
            "name": "frmHeartDiseasePrediction",
            "type": "forms",
            "platform": "",
            "KUID": "e2b9421c9e424f048e1d680da53a94c2"
        },
        "language": "js",
        "actions": [{
            "id": "ADD_SNIPPET__i33ee47df9dc4b66a34713e2ba7e3b5e",
            "type": "ADD_SNIPPET",
            "codeSnippet": "if(sknBtn4 === eventobject.skin) {\n  slope = 3;\n  eventobject.skin = sknBtn5;\n  this.view.inputThreeOptions1.btnInput1.skin = sknBtn4;\n  this.view.inputThreeOptions1.btnInput2.skin = sknBtn4;\n} else if(sknBtn5 === eventobject.skin) {\n  slope = -1;\n  eventobject.skin = sknBtn4;\n}",
            "parentId": null
        }]
    }
}