{
    "AS_Button_c21d1aded95d49bbbcfa61fbe6234a13": {
        "id": "AS_Button_c21d1aded95d49bbbcfa61fbe6234a13",
        "type": "ACTION_SEQUENCE",
        "params": [{
            "datatype": "collection",
            "name": "eventobject"
        }],
        "contextObj": {
            "name": "frmHeartDiseasePrediction",
            "type": "forms",
            "platform": "",
            "KUID": "e2b9421c9e424f048e1d680da53a94c2"
        },
        "language": "js",
        "actions": [{
            "id": "ADD_SNIPPET__f055444df8434ae387254570a8b2dbe0",
            "type": "ADD_SNIPPET",
            "codeSnippet": "if(sknBtn4 === eventobject.skin) {\n  restecg = 0;\n  eventobject.skin = sknBtn5;\n  this.view.inputThreeOptions.btnInput2.skin = sknBtn4;\n  this.view.inputThreeOptions.btnInput3.skin = sknBtn4;\n} else if(sknBtn5 === eventobject.skin) {\n  restecg = -1;\n  eventobject.skin = sknBtn4;\n}",
            "parentId": null,
            "callbackType": null
        }]
    }
}