{
    "AS_Button_ad23291fdea74cb491540d979db794b8": {
        "id": "AS_Button_ad23291fdea74cb491540d979db794b8",
        "type": "ACTION_SEQUENCE",
        "params": [{
            "datatype": "collection",
            "name": "eventobject"
        }],
        "contextObj": {
            "name": "frmHeartDiseasePrediction",
            "type": "forms",
            "platform": "",
            "KUID": "e2b9421c9e424f048e1d680da53a94c2"
        },
        "language": "js",
        "actions": [{
            "id": "ADD_SNIPPET__fa4ad160771346bb8fb1c78d8a3e3ea8",
            "type": "ADD_SNIPPET",
            "codeSnippet": "if(sknBtn4 === eventobject.skin) {\n  restecg = 2;\n  eventobject.skin = sknBtn5;\n  this.view.inputThreeOptions.btnInput1.skin = sknBtn4;\n  this.view.inputThreeOptions.btnInput2.skin = sknBtn4;\n} else if(sknBtn5 === eventobject.skin) {\n  restecg = -1;\n  eventobject.skin = sknBtn4;\n}",
            "parentId": null
        }]
    }
}