{
    "AS_Button_hc851c73de134d3e82541dfab8eca639": {
        "id": "AS_Button_hc851c73de134d3e82541dfab8eca639",
        "type": "ACTION_SEQUENCE",
        "params": [{
            "datatype": "collection",
            "name": "eventobject"
        }],
        "contextObj": {
            "name": "frmHeartDiseasePrediction",
            "type": "forms",
            "platform": "",
            "KUID": "e2b9421c9e424f048e1d680da53a94c2"
        },
        "language": "js",
        "actions": [{
            "id": "ADD_SNIPPET__cc16c8b9753547a5a8e63e8a8bacd900",
            "type": "ADD_SNIPPET",
            "codeSnippet": "if(sknBtn4 === eventobject.skin) {\n  thal = 7;\n  eventobject.skin = sknBtn5;\n  this.view.inputThreeOptions3.btnInput1.skin = sknBtn4;\n  this.view.inputThreeOptions3.btnInput2.skin = sknBtn4;\n} else if(sknBtn5 === eventobject.skin) {\n  thal = -1;\n  eventobject.skin = sknBtn4;\n}",
            "parentId": null
        }]
    }
}