{
    "AS_Button_d4dc994c86ea4f86a8c7a5edb3598535": {
        "id": "AS_Button_d4dc994c86ea4f86a8c7a5edb3598535",
        "type": "ACTION_SEQUENCE",
        "params": [{
            "datatype": "collection",
            "name": "eventobject"
        }],
        "contextObj": {
            "name": "frmHeartDiseasePrediction",
            "type": "forms",
            "platform": "",
            "KUID": "e2b9421c9e424f048e1d680da53a94c2"
        },
        "language": "js",
        "actions": [{
            "id": "ADD_SNIPPET__g4d456e894c54ecab09cc589af9c0e36",
            "type": "ADD_SNIPPET",
            "codeSnippet": "if(sknBtn4 === eventobject.skin) {\n  slope = 2;\n  eventobject.skin = sknBtn5;\n  this.view.inputThreeOptions1.btnInput1.skin = sknBtn4;\n  this.view.inputThreeOptions1.btnInput3.skin = sknBtn4;\n} else if(sknBtn5 === eventobject.skin) {\n  slope = -1;\n  eventobject.skin = sknBtn4;\n}",
            "parentId": null
        }]
    }
}