{
    "AS_Button_f1c1efbbb94a40b3a98a9da89d644715": {
        "id": "AS_Button_f1c1efbbb94a40b3a98a9da89d644715",
        "type": "ACTION_SEQUENCE",
        "params": [{
            "datatype": "collection",
            "name": "eventobject"
        }],
        "contextObj": {
            "name": "frmHeartDiseasePrediction",
            "type": "forms",
            "platform": "",
            "KUID": "e2b9421c9e424f048e1d680da53a94c2"
        },
        "language": "js",
        "actions": [{
            "id": "ADD_SNIPPET__hb37b9d8b2cf48dfbfe510cbb6c4ab4a",
            "type": "ADD_SNIPPET",
            "codeSnippet": "if(sknBtn1 === eventobject.skin) {\n  sex = 0;\n  eventobject.skin = sknBtn2;\n  this.view.inputTwoOptions.btnInput1.skin = sknBtn1;\n} else if(sknBtn2 === eventobject.skin) {\n  sex = -1;\n  eventobject.skin = sknBtn1;\n}",
            "parentId": null
        }]
    }
}