{
    "AS_Button_cecd04c6bcc44e568a6ed56891057f87": {
        "id": "AS_Button_cecd04c6bcc44e568a6ed56891057f87",
        "type": "ACTION_SEQUENCE",
        "params": [{
            "datatype": "collection",
            "name": "eventobject"
        }],
        "contextObj": {
            "name": "frmHeartDiseasePrediction",
            "type": "forms",
            "platform": "",
            "KUID": "e2b9421c9e424f048e1d680da53a94c2"
        },
        "language": "js",
        "actions": [{
            "id": "ADD_SNIPPET__db431093eff44f03a74ad49f1b4b2c76",
            "type": "ADD_SNIPPET",
            "codeSnippet": "if(sknBtn4 === eventobject.skin) {\n  cp = 2;\n  eventobject.skin = sknBtn5;\n  this.view.inputFourOptions.btnInput1.skin = sknBtn4;\n  this.view.inputFourOptions.btnInput3.skin = sknBtn4;\n  this.view.inputFourOptions.btnInput4.skin = sknBtn4;  \n} else if(sknBtn5 === eventobject.skin) {\n  cp = -1;\n  eventobject.skin = sknBtn4;\n}",
            "parentId": null
        }]
    }
}