{
    "AS_Button_ib015233a4e24fde8ee39b884d668138": {
        "id": "AS_Button_ib015233a4e24fde8ee39b884d668138",
        "type": "ACTION_SEQUENCE",
        "params": [{
            "datatype": "collection",
            "name": "eventobject"
        }],
        "contextObj": {
            "name": "frmHeartDiseasePrediction",
            "type": "forms",
            "platform": "",
            "KUID": "e2b9421c9e424f048e1d680da53a94c2"
        },
        "language": "js",
        "actions": [{
            "id": "ADD_SNIPPET__d19a31a844db43cbb1798a4c4b9e21da",
            "type": "ADD_SNIPPET",
            "codeSnippet": "if(sknBtn4 === eventobject.skin) {\n  slope = 1;\n  eventobject.skin = sknBtn5;\n  this.view.inputThreeOptions1.btnInput2.skin = sknBtn4;\n  this.view.inputThreeOptions1.btnInput3.skin = sknBtn4;\n} else if(sknBtn5 === eventobject.skin) {\n  slope = -1;\n  eventobject.skin = sknBtn4;\n}",
            "parentId": null,
            "callbackType": null
        }]
    }
}