{
    "AS_Button_e37dd221f5fb4e298c9532fa69ddd8b8": {
        "id": "AS_Button_e37dd221f5fb4e298c9532fa69ddd8b8",
        "type": "ACTION_SEQUENCE",
        "params": [{
            "datatype": "collection",
            "name": "eventobject"
        }],
        "contextObj": {
            "name": "frmHeartDiseasePrediction",
            "type": "forms",
            "platform": "",
            "KUID": "e2b9421c9e424f048e1d680da53a94c2"
        },
        "language": "js",
        "actions": [{
            "id": "ADD_SNIPPET__f3a4bdf7a63940a4a22ec15dd50e6fcc",
            "type": "ADD_SNIPPET",
            "codeSnippet": "if(sknBtn4 === eventobject.skin) {\n  thal = 6;\n  eventobject.skin = sknBtn5;\n  this.view.inputThreeOptions3.btnInput1.skin = sknBtn4;\n  this.view.inputThreeOptions3.btnInput3.skin = sknBtn4;\n} else if(sknBtn5 === eventobject.skin) {\n  thal = -1;\n  eventobject.skin = sknBtn4;\n}",
            "parentId": null
        }]
    }
}