{
    "AS_Button_c1f0032efb464a14897d91bead7986bf": {
        "id": "AS_Button_c1f0032efb464a14897d91bead7986bf",
        "type": "ACTION_SEQUENCE",
        "params": [{
            "datatype": "collection",
            "name": "eventobject"
        }],
        "contextObj": {
            "name": "frmHeartDiseasePrediction",
            "type": "forms",
            "platform": "",
            "KUID": "e2b9421c9e424f048e1d680da53a94c2"
        },
        "language": "js",
        "actions": [{
            "id": "ADD_SNIPPET__deed2f586c4848379791d29a28f5c5ba",
            "type": "ADD_SNIPPET",
            "codeSnippet": "if(sknBtn4 === eventobject.skin) {\n  ca = 0;\n  eventobject.skin = sknBtn5;\n  this.view.inputThreeOptions2.btnInput2.skin = sknBtn4;\n  this.view.inputThreeOptions2.btnInput3.skin = sknBtn4;\n} else if(sknBtn5 === eventobject.skin) {\n  ca = -1;\n  eventobject.skin = sknBtn4;\n}",
            "parentId": null,
            "callbackType": null
        }]
    }
}