{
    "AS_FlexContainer_hd5a591451d646edb5496bff22f75501": {
        "id": "AS_FlexContainer_hd5a591451d646edb5496bff22f75501",
        "type": "ACTION_SEQUENCE",
        "params": [{
            "datatype": "collection",
            "name": "eventobject"
        }],
        "contextObj": {
            "name": "frmHeartDiseasePrediction",
            "type": "forms",
            "platform": "",
            "KUID": "e2b9421c9e424f048e1d680da53a94c2"
        },
        "language": "js",
        "actions": [{
            "id": "SET_FORM_WIDGET_PROPERTY____b2511cff1a8641ef815b768990255189",
            "type": "SET_WIDGET_PROPERTY",
            "itemType": "FORM",
            "itemId": "frmHeartDiseasePrediction",
            "widgetId": "flexPredictionResults",
            "propertyName": "isVisible",
            "propertyValue": "false",
            "itemKUID": "e2b9421c9e424f048e1d680da53a94c2",
            "widgetKUID": "daf90eac20e1471185a6e8798a2e77a1",
            "isSkinProperty": false,
            "wType": "FlexContainer",
            "forkedPlatform": "all",
            "callbackType": null,
            "widgetPath": "this.view.flexPredictionResults"
        }]
    }
}