{
    "AS_Form_f97beaba6bdf474eafcd92f3298f8cc4": {
        "id": "AS_Form_f97beaba6bdf474eafcd92f3298f8cc4",
        "type": "ACTION_SEQUENCE",
        "params": [{
            "datatype": "collection",
            "name": "eventobject"
        }],
        "contextObj": {
            "name": "frmHeartDiseasePrediction",
            "type": "forms",
            "platform": "",
            "KUID": "e2b9421c9e424f048e1d680da53a94c2"
        },
        "language": "js",
        "actions": [{
            "id": "SET_FORM_WIDGET_PROPERTY_Untitled___ec735395aa7e414a8930900bec486c80",
            "type": "SET_WIDGET_PROPERTY",
            "itemType": "FORM",
            "itemId": "frmHeartDiseasePrediction",
            "widgetId": "flexCriticalFactors",
            "propertyName": "isVisible",
            "propertyValue": "true",
            "itemKUID": "e2b9421c9e424f048e1d680da53a94c2",
            "widgetKUID": "c4aedc0ea8fc474db6ebff71e7f44d5c",
            "isSkinProperty": false,
            "wType": "FlexContainer",
            "forkedPlatform": "all",
            "parentId": null,
            "callbackType": null,
            "widgetPath": "this.view.flexCriticalFactors"
        }]
    }
}