{
    "AS_Segment_id8550a531fd49819def2ee4d1d5edd2": {
        "id": "AS_Segment_id8550a531fd49819def2ee4d1d5edd2",
        "type": "ACTION_SEQUENCE",
        "params": [{
            "datatype": "collection",
            "name": "eventobject"
        }, {
            "datatype": "number",
            "name": "sectionNumber"
        }, {
            "datatype": "number",
            "name": "rowNumber"
        }],
        "contextObj": {
            "name": "frmHome",
            "type": "forms",
            "platform": "",
            "KUID": "c4ec332e68844af7b7b27ab00f2cc2d2"
        },
        "language": "js",
        "actions": [{
            "id": "INVOKE_FUNCTION___d91968d48914485888f4a05112bba108",
            "type": "INVOKE_FUNCTION",
            "sequenceKUID": "navigateDiseasePredictionForm",
            "display": "navigateDiseasePredictionForm",
            "inputparams": [],
            "parentId": null,
            "callbackType": null,
            "disabled": null,
            "source": "controller"
        }]
    }
}