{
    "AS_Segment_c1ac939c5b4b4e07bc0ddc208cd01d99": {
        "id": "AS_Segment_c1ac939c5b4b4e07bc0ddc208cd01d99",
        "type": "ACTION_SEQUENCE",
        "params": [{
            "datatype": "collection",
            "name": "eventobject"
        }, {
            "datatype": "number",
            "name": "sectionNumber"
        }, {
            "datatype": "number",
            "name": "rowNumber"
        }],
        "contextObj": {
            "name": "frmHeartDiseasePrediction",
            "type": "forms",
            "platform": "",
            "KUID": "e2b9421c9e424f048e1d680da53a94c2"
        },
        "language": "js",
        "actions": [{
            "id": "SET_FORM_WIDGET_PROPERTY____de7b1df210674137b73505b8367d3289",
            "type": "SET_WIDGET_PROPERTY",
            "itemType": "FORM",
            "itemId": "frmHeartDiseasePrediction",
            "widgetId": "flexCriticalFactors",
            "propertyName": "isVisible",
            "propertyValue": "false",
            "itemKUID": "e2b9421c9e424f048e1d680da53a94c2",
            "widgetKUID": "c4aedc0ea8fc474db6ebff71e7f44d5c",
            "isSkinProperty": false,
            "wType": "FlexContainer",
            "forkedPlatform": "all",
            "parentId": null,
            "widgetPath": "this.view.flexCriticalFactors"
        }]
    }
}