<?xml version="1.0" encoding="UTF-8" standalone="yes"?>
<service serviceGroup="" cachable="false" cacheduration="" description="" endpoint="default" groupType="" id="predictHeartDisease" passwordencrypted="false" security="public" type="jsonConnector" smscode="" smsenabled="false">
    <service-config>
        <config-param api-version="" appid="" name="preprocessorname" value=""/>
        <config-param api-version="" appid="" name="postprocessorname" value=""/>
        <config-param api-version="" appid="" name="preprocessorJS" value=""/>
        <config-param api-version="" appid="" name="postprocessorJS" value=""/>
        <config-param api-version="" appid="" name="preprocessorRules" value=""/>
        <config-param api-version="" appid="" name="postprocessorRules" value=""/>
        <config-param api-version="" appid="" name="kony_http_supported_methods" value="POST"/>
        <config-param api-version="" appid="" name="endpointUrl" value="http://13.233.178.17/predictHeartDiseaseUsingML"/>
        <config-param api-version="" appid="" name="ignorehttpproxy" value="true"/>
        <config-param api-version="" appid="" name="http.method" value="POST"/>
        <config-param api-version="" appid="" name="dataObjectName" value=""/>
        <config-param api-version="" appid="" name="sockettimeout" value=""/>
        <config-param api-version="" appid="" name="responseEncoding" value="UTF-8"/>
        <config-param api-version="" appid="" name="isembedxmlpresent" value="false"/>
        <config-param api-version="" appid="" name="retrycount" value="0"/>
        <config-param api-version="" appid="" name="jsonpath" value="true"/>
    </service-config>
    <service-input passthrough="false">
        <header datatype="" name="" passthrough="false"/>
        <param datatype="string" defaultvalue="49" description="" encode="true" format="None" formatvalue="" name="age" order="" paramOrder="1" parentOrder="-1" passnull="false" sms-name="" src="request" sourcevalue="" srcformatvalue="" target="request" targetdatatype="java.lang.String" testvalue="49" value="49">
            <accessType></accessType>
        </param>
        <param datatype="string" defaultvalue="1" description="" encode="true" format="None" formatvalue="" name="sex" order="" paramOrder="2" parentOrder="-1" passnull="false" sms-name="" src="request" sourcevalue="" srcformatvalue="" target="request" targetdatatype="java.lang.String" testvalue="1" value="1">
            <accessType></accessType>
        </param>
        <param datatype="string" defaultvalue="1" description="" encode="true" format="None" formatvalue="" name="cp" order="" paramOrder="3" parentOrder="-1" passnull="false" sms-name="" src="request" sourcevalue="" srcformatvalue="" target="request" targetdatatype="java.lang.String" testvalue="1" value="1">
            <accessType></accessType>
        </param>
        <param datatype="string" defaultvalue="130" description="" encode="true" format="None" formatvalue="" name="trestbps" order="" paramOrder="4" parentOrder="-1" passnull="false" sms-name="" src="request" sourcevalue="" srcformatvalue="" target="request" targetdatatype="java.lang.String" testvalue="130" value="130">
            <accessType></accessType>
        </param>
        <param datatype="string" defaultvalue="266" description="" encode="true" format="None" formatvalue="" name="chol" order="" paramOrder="5" parentOrder="-1" passnull="false" sms-name="" src="request" sourcevalue="" srcformatvalue="" target="request" targetdatatype="java.lang.String" testvalue="266" value="266">
            <accessType></accessType>
        </param>
        <param datatype="string" defaultvalue="0" description="" encode="true" format="None" formatvalue="" name="fbs" order="" paramOrder="6" parentOrder="-1" passnull="false" sms-name="" src="request" sourcevalue="" srcformatvalue="" target="request" targetdatatype="java.lang.String" testvalue="0" value="0">
            <accessType></accessType>
        </param>
        <param datatype="string" defaultvalue="1" description="" encode="true" format="None" formatvalue="" name="restecg" order="" paramOrder="7" parentOrder="-1" passnull="false" sms-name="" src="request" sourcevalue="" srcformatvalue="" target="request" targetdatatype="java.lang.String" testvalue="1" value="1">
            <accessType></accessType>
        </param>
        <param datatype="string" defaultvalue="171" description="" encode="true" format="None" formatvalue="" name="thalach" order="" paramOrder="8" parentOrder="-1" passnull="false" sms-name="" src="request" sourcevalue="" srcformatvalue="" target="request" targetdatatype="java.lang.String" testvalue="171" value="171">
            <accessType></accessType>
        </param>
        <param datatype="string" defaultvalue="0" description="" encode="true" format="None" formatvalue="" name="exang" order="" paramOrder="9" parentOrder="-1" passnull="false" sms-name="" src="request" sourcevalue="" srcformatvalue="" target="request" targetdatatype="java.lang.String" testvalue="0" value="0">
            <accessType></accessType>
        </param>
        <param datatype="string" defaultvalue="0.6" description="" encode="true" format="None" formatvalue="" name="oldpeak" order="" paramOrder="10" parentOrder="-1" passnull="false" sms-name="" src="request" sourcevalue="" srcformatvalue="" target="request" targetdatatype="java.lang.String" testvalue="0.6" value="0.6">
            <accessType></accessType>
        </param>
        <param datatype="string" defaultvalue="2" description="" encode="true" format="None" formatvalue="" name="slope" order="" paramOrder="11" parentOrder="-1" passnull="false" sms-name="" src="request" sourcevalue="" srcformatvalue="" target="request" targetdatatype="java.lang.String" testvalue="2" value="2">
            <accessType></accessType>
        </param>
        <param datatype="string" defaultvalue="0" description="" encode="true" format="None" formatvalue="" name="ca" order="" paramOrder="12" parentOrder="-1" passnull="false" sms-name="" src="request" sourcevalue="" srcformatvalue="" target="request" targetdatatype="java.lang.String" testvalue="0" value="0">
            <accessType></accessType>
        </param>
        <param datatype="string" defaultvalue="2" description="" encode="true" format="None" formatvalue="" name="thal" order="" paramOrder="13" parentOrder="-1" passnull="false" sms-name="" src="request" sourcevalue="" srcformatvalue="" target="request" targetdatatype="java.lang.String" testvalue="2" value="2">
            <accessType></accessType>
        </param>
        <param datatype="string" defaultvalue="0" description="" encode="true" format="None" formatvalue="" name="target" order="" paramOrder="14" parentOrder="-1" passnull="false" sms-name="" src="request" sourcevalue="" srcformatvalue="" target="request" targetdatatype="java.lang.String" testvalue="0" value="0">
            <accessType></accessType>
        </param>
        <template-param datatype="" defaultvalue="{&#10;    &quot;age&quot;: $age,&#10;    &quot;sex&quot;: $sex,&#10;    &quot;cp&quot;: $cp,&#10;    &quot;trestbps&quot;: $trestbps,&#10;    &quot;chol&quot;: $chol,&#10;    &quot;fbs&quot;: $fbs,&#10;    &quot;restecg&quot;: $restecg,&#10;    &quot;thalach&quot;: $thalach,&#10;    &quot;exang&quot;: $exang,&#10;    &quot;oldpeak&quot;: $oldpeak,&#10;    &quot;slope&quot;: $slope,&#10;    &quot;ca&quot;: $ca,&#10;    &quot;thal&quot;: $thal,&#10;    &quot;target&quot;: $target&#10;}" description="" encode="false" format="" formatvalue="" name="message" order="" paramOrder="0" parentOrder="0" sms-name="" src="" sourcevalue="" srcformatvalue="" target="" targetdatatype="" value="{&#10;    &quot;age&quot;: $age,&#10;    &quot;sex&quot;: $sex,&#10;    &quot;cp&quot;: $cp,&#10;    &quot;trestbps&quot;: $trestbps,&#10;    &quot;chol&quot;: $chol,&#10;    &quot;fbs&quot;: $fbs,&#10;    &quot;restecg&quot;: $restecg,&#10;    &quot;thalach&quot;: $thalach,&#10;    &quot;exang&quot;: $exang,&#10;    &quot;oldpeak&quot;: $oldpeak,&#10;    &quot;slope&quot;: $slope,&#10;    &quot;ca&quot;: $ca,&#10;    &quot;thal&quot;: $thal,&#10;    &quot;target&quot;: $target&#10;}">
            <accessType></accessType>
        </template-param>
        <stub-param value=""/>
    </service-input>
    <service-output passthrough="false">
        <param datatype="string" defaultvalue="" description="" encode="true" format="None" formatvalue="" name="prediction" order="" paramOrder="1" parentOrder="0" passnull="false" sms-name="" src="prediction" sourcevalue="" srcformatvalue="" target="response" targetdatatype="java.lang.String" testvalue="" value="">
            <accessType></accessType>
        </param>
    </service-output>
</service>
