{
    "@class": "com.kony.gen.viz.model.component.KVizUserWidget",
    "DNDConfig": null,
    "__parentReadjusting__": false,
    "_android_": {},
    "_androidwearos_": {},
    "_bottom_": {
        "type": "number",
        "value": "0"
    },
    "_children_": [],
    "_desktopweb_": {},
    "_height_": {
        "type": "string",
        "value": "50dp"
    },
    "_ipad_": {},
    "_iphone_": {},
    "_kiosk_": {},
    "_left_": {
        "type": "string",
        "value": "0dp"
    },
    "_margin_": [
        0,
        0,
        0,
        0
    ],
    "_orientation_": 1,
    "_padding_": [
        0,
        0,
        0,
        0
    ],
    "_percent_": true,
    "_skin_": "s2e163f1d2c0495d945c5141600d87c2",
    "_spa_": {},
    "_spaan_": {},
    "_spaandroidtablet_": {},
    "_spabb_": {},
    "_spaip_": {},
    "_spaipad_": {},
    "_spamobile_": {},
    "_spatablet_": {},
    "_spawindowstablet_": {},
    "_spawinphone8_": {},
    "_tabrcandroid_": {},
    "_vizProps_": {
        "hidewidgethierarchy": false
    },
    "_width_": {
        "type": "string",
        "value": "100%"
    },
    "_windows10_": {},
    "_windows8_": {},
    "_winphone10_": {},
    "_winphone8_": {},
    "areflexpropsreferenced": false,
    "canUpdateUI": true,
    "clipbounds": true,
    "containerweight": 0,
    "dataDiffs": {
        "appfooter": {
            "__events__": {},
            "__info__": {
                "isRoot": true,
                "kuid": "b68ec7e7a7e44619a4a851aea3188ddd",
                "srcKUID": "geba409ce7934c3eafde554110dc1a36",
                "wType": "FlexContainer"
            },
            "bottom": {
                "Default": {
                    "type": "number",
                    "value": "0"
                }
            }
        },
        "flexCredits": {
            "__events__": {},
            "__info__": {
                "kuid": "cc066cdf273c4586b1bd0c5e9405c3f6",
                "srcKUID": "e936c6d5d4a34ca2b2fda6a1d9a00715",
                "wType": "FlexContainer"
            }
        },
        "lblCredits": {
            "__events__": {},
            "__info__": {
                "kuid": "acfaa1d069e647c0a1e82ea80dcbd6b8",
                "srcKUID": "e089c2902d484044bf2defa52600e289",
                "wType": "Label"
            }
        },
        "lblFooter": {
            "__events__": {},
            "__info__": {
                "kuid": "f56fc25dc75b450b98ef860a694b908a",
                "srcKUID": "d764aa6adca8490495b018f55673887a",
                "wType": "Label"
            }
        }
    },
    "enablescrolling": true,
    "id": "appfooter",
    "info": null,
    "iscustomlayout": false,
    "isdatareferenced": false,
    "issegmentchild": false,
    "isvisible": true,
    "kuid": "b68ec7e7a7e44619a4a851aea3188ddd",
    "layouttype": 2,
    "masterType": 0,
    "name": "kony.ui.UserWidgetInstance",
    "parent": "frmHeartDiseasePrediction",
    "pf": "frmHeartDiseasePrediction",
    "retaincontentalignment": false,
    "retainflexpositionproperties": false,
    "snapgridsize": 10,
    "snaptogrid": true,
    "sourceUserWidget": "geba409ce7934c3eafde554110dc1a36",
    "wType": "UserWidgetInstance"
}