{
    "@class": "com.kony.gen.viz.model.component.KVizButton",
    "DNDConfig": null,
    "__parentReadjusting__": false,
    "_height_": {
        "type": "string",
        "value": "50dp"
    },
    "_margin_": [
        6,
        6,
        6,
        6
    ],
    "_padding_": [
        0,
        0,
        0,
        0
    ],
    "_skin_": "s8b8d8d7a10447db8fc2f1f027c24560",
    "_text_": "Submit",
    "_top_": {
        "type": "string",
        "value": "0dp"
    },
    "_width_": {
        "type": "string",
        "value": "90%"
    },
    "canUpdateUI": true,
    "centerx": {
        "type": "string",
        "value": "50%"
    },
    "containerweight": 100,
    "contentalignment": 5,
    "displaytext": true,
    "focusskin": "s0199cf13b94431ab63f2801b041fff7",
    "id": "btnSubmit",
    "ide_onClick": "AS_Button_c5bb53ace4844eee95301b9c3ee73e5c",
    "info": null,
    "iscustomlayout": false,
    "isvisible": true,
    "kuid": "h0fb8c30e3504d37b086ffeeeacae5d4",
    "name": "kony.ui.Button",
    "parent": "flexMain",
    "pf": "frmHeartDiseasePrediction",
    "retaincontentalignment": false,
    "retainflexpositionproperties": false,
    "wType": "Button",
    "zindex": 1
}