{
    "DNDConfig": null,
    "__parentReadjusting__": false,
    "_height_": {
        "type": "string",
        "value": "100%"
    },
    "_left_": {
        "type": "string",
        "value": "0dp"
    },
    "_margin_": [
        0,
        0,
        0,
        0
    ],
    "_orientation_": 6,
    "_padding_": [
        0,
        0,
        0,
        0
    ],
    "_percent_": true,
    "_skin_": "scf62ee70d814458924dff249f2fe02c",
    "_top_": {
        "type": "string",
        "value": "0dp"
    },
    "_width_": {
        "type": "string",
        "value": "100%"
    },
    "allboxes": [],
    "allowhorizontalbounce": false,
    "allowverticalbounce": true,
    "bounces": true,
    "canUpdateUI": true,
    "children": [
        "appheader",
        "lblSubjectLine",
        "inputTextBox",
        "inputTextBox1",
        "inputTextBox2",
        "inputTextBox3",
        "inputTextBox4",
        "inputTwoOptions",
        "inputTwoOptions1",
        "inputTwoOptions2",
        "inputThreeOptions",
        "inputThreeOptions1",
        "inputThreeOptions2",
        "inputThreeOptions3",
        "inputFourOptions",
        "btnSubmit",
        "flexCoverFooter"
    ],
    "clipbounds": true,
    "containerweight": 100,
    "decelerat": false,
    "dragg": false,
    "enablescrolling": true,
    "horizontalscrollindicator": true,
    "id": "flexMain",
    "info": null,
    "iscustomlayout": false,
    "isvisible": true,
    "kuid": "b0031141900a4b4081e5421f8b61ca26",
    "layouttype": 4,
    "name": "kony.ui.FlexScrollContainer",
    "pagingenabled": false,
    "parent": "frmHeartDiseasePrediction",
    "pf": "frmHeartDiseasePrediction",
    "retaincontentalignment": false,
    "retainflexpositionproperties": false,
    "retainflowhorizontalalignment": false,
    "scrolldirection": 2,
    "snapgridsize": 10,
    "snaptogrid": true,
    "track": false,
    "verticalscrollindicator": true,
    "vizProps": {},
    "wType": "FlexScrollContainer",
    "widgetalignment": 1,
    "zindex": 1
}