{
    "DNDConfig": null,
    "__parentReadjusting__": false,
    "_height_": {
        "type": "string",
        "value": "100%"
    },
    "_left_": {
        "type": "number",
        "value": "0"
    },
    "_margin_": [
        0,
        0,
        0,
        0
    ],
    "_orientation_": 6,
    "_padding_": [
        0,
        0,
        0,
        0
    ],
    "_percent_": true,
    "_skin_": "sbfa74cb75534eb88c61a1c5ffb242e1",
    "_top_": {
        "type": "string",
        "value": "0dp"
    },
    "_width_": {
        "type": "string",
        "value": "100%"
    },
    "allboxes": [],
    "autogrowmode": 0,
    "canUpdateUI": true,
    "children": [
        "appheader2",
        "lblPredictionResultsHeading",
        "lblPredictionResults"
    ],
    "clipbounds": true,
    "containerweight": 100,
    "enablescrolling": true,
    "id": "flexPredictionResults",
    "ide_onClick": "AS_FlexContainer_hd5a591451d646edb5496bff22f75501",
    "info": null,
    "iscustomlayout": false,
    "isvisible": false,
    "kuid": "daf90eac20e1471185a6e8798a2e77a1",
    "layouttype": 4,
    "name": "kony.ui.FlexContainer",
    "parent": "frmHeartDiseasePrediction",
    "pf": "frmHeartDiseasePrediction",
    "retaincontentalignment": false,
    "retainflexpositionproperties": false,
    "retainflowhorizontalalignment": false,
    "snapgridsize": 10,
    "snaptogrid": true,
    "wType": "FlexContainer",
    "widgetalignment": 1,
    "zindex": 1
}