{
    "DNDConfig": null,
    "__parentReadjusting__": false,
    "_height_": {
        "type": "string",
        "value": "100%"
    },
    "_left_": {
        "type": "number",
        "value": "0"
    },
    "_margin_": [
        0,
        0,
        0,
        0
    ],
    "_orientation_": 6,
    "_padding_": [
        0,
        0,
        0,
        0
    ],
    "_percent_": true,
    "_skin_": "s2444408eaf84d4bb7b1e887c2d97254",
    "_top_": {
        "type": "string",
        "value": "0dp"
    },
    "_width_": {
        "type": "string",
        "value": "100%"
    },
    "allboxes": [],
    "autogrowmode": 0,
    "canUpdateUI": true,
    "children": [
        "appheader1",
        "lblCriticalFactorsForHeartDiseasePrediction",
        "segHeartDiseaseCriticalFactors"
    ],
    "clipbounds": true,
    "containerweight": 100,
    "enablescrolling": true,
    "id": "flexCriticalFactors",
    "ide_onClick": "AS_FlexContainer_b7afa29c01884de6b085e4cf39869383",
    "info": null,
    "iscustomlayout": false,
    "isvisible": false,
    "kuid": "c4aedc0ea8fc474db6ebff71e7f44d5c",
    "layouttype": 4,
    "name": "kony.ui.FlexContainer",
    "parent": "frmHeartDiseasePrediction",
    "pf": "frmHeartDiseasePrediction",
    "retaincontentalignment": false,
    "retainflexpositionproperties": false,
    "retainflowhorizontalalignment": false,
    "snapgridsize": 10,
    "snaptogrid": true,
    "wType": "FlexContainer",
    "widgetalignment": 1,
    "zindex": 1
}