{
    "@class": "com.kony.gen.viz.model.component.KVizUserWidget",
    "DNDConfig": null,
    "__parentReadjusting__": false,
    "_android_": {},
    "_androidwearos_": {},
    "_children_": [],
    "_desktopweb_": {},
    "_height_": {
        "type": "string",
        "value": "85dp"
    },
    "_ipad_": {},
    "_iphone_": {},
    "_kiosk_": {},
    "_margin_": [
        0,
        0,
        0,
        0
    ],
    "_orientation_": 1,
    "_padding_": [
        0,
        0,
        0,
        0
    ],
    "_percent_": true,
    "_skin_": "s8e3cd2de38f48dd8a4e66e23bd3476f",
    "_spa_": {},
    "_spaan_": {},
    "_spaandroidtablet_": {},
    "_spabb_": {},
    "_spaip_": {},
    "_spaipad_": {},
    "_spamobile_": {},
    "_spatablet_": {},
    "_spawindowstablet_": {},
    "_spawinphone8_": {},
    "_tabrcandroid_": {},
    "_top_": {
        "type": "string",
        "value": "0dp"
    },
    "_vizProps_": {
        "hidewidgethierarchy": false
    },
    "_width_": {
        "type": "string",
        "value": "100%"
    },
    "_windows10_": {},
    "_windows8_": {},
    "_winphone10_": {},
    "_winphone8_": {},
    "areflexpropsreferenced": false,
    "autogrowmode": 0,
    "canUpdateUI": true,
    "centerx": {
        "type": "string",
        "value": "50%"
    },
    "clipbounds": true,
    "containerweight": 0,
    "dataDiffs": {
        "btnInput1": {
            "__events__": {
                "ide_onClick": "AS_Button_ib015233a4e24fde8ee39b884d668138"
            },
            "__info__": {
                "kuid": "bd0f4a193aba4c2baed098e6f3f1a968",
                "srcKUID": "i5dcfe1e694845378d9261c5092d9605",
                "wType": "Button"
            },
            "text": "Upsloping"
        },
        "btnInput2": {
            "__events__": {
                "ide_onClick": "AS_Button_d4dc994c86ea4f86a8c7a5edb3598535"
            },
            "__info__": {
                "kuid": "b7e11c8d8e9e4f1485ef55013e585b50",
                "srcKUID": "a0fee9569dbf40bba346affa4ca50e3a",
                "wType": "Button"
            },
            "text": "Flat"
        },
        "btnInput3": {
            "__events__": {
                "ide_onClick": "AS_Button_a64f9c8174f54d14a57ac0af9d850013"
            },
            "__info__": {
                "kuid": "cb4042a224514f1bb62c461ea3bdf687",
                "srcKUID": "fb3b1b92e0c74381ac0f80ae4c50f966",
                "wType": "Button"
            },
            "text": "Downsloping"
        },
        "flexInput": {
            "__events__": {},
            "__info__": {
                "kuid": "eb3b1f4b748044148ef3f1142c121611",
                "srcKUID": "d6495ee2b4c04b98a629603fe2b909e1",
                "wType": "FlexContainer"
            }
        },
        "inputThreeOptions": {
            "__events__": {},
            "__info__": {
                "isRoot": true,
                "kuid": "ib9b06e7bd0b4e1493aff7b303c12c74",
                "srcKUID": "e37fc847cce94cc1b75aee4efa450412",
                "wType": "FlexContainer"
            }
        },
        "lblName": {
            "__events__": {},
            "__info__": {
                "kuid": "c6305405c1144a1f9b1bf39622218459",
                "srcKUID": "h1d1a36e46e64ecf8c0d8254653937d3",
                "wType": "Label"
            },
            "text": "Slope of the peak exercise ST segment:"
        }
    },
    "enablescrolling": true,
    "id": "inputThreeOptions1",
    "info": null,
    "iscustomlayout": false,
    "isdatareferenced": false,
    "isvisible": true,
    "kuid": "ib9b06e7bd0b4e1493aff7b303c12c74",
    "layouttype": 4,
    "masterType": 0,
    "name": "kony.ui.UserWidgetInstance",
    "parent": "flexMain",
    "pf": "frmHeartDiseasePrediction",
    "retaincontentalignment": false,
    "retainflexpositionproperties": false,
    "snapgridsize": 10,
    "snaptogrid": true,
    "sourceUserWidget": "e37fc847cce94cc1b75aee4efa450412",
    "wType": "UserWidgetInstance"
}