{
    "@class": "com.kony.gen.viz.model.component.KVizUserWidget",
    "DNDConfig": null,
    "__parentReadjusting__": false,
    "_android_": {},
    "_androidwearos_": {},
    "_children_": [],
    "_desktopweb_": {},
    "_height_": {
        "type": "string",
        "value": "85dp"
    },
    "_ipad_": {},
    "_iphone_": {},
    "_kiosk_": {},
    "_margin_": [
        0,
        0,
        0,
        0
    ],
    "_orientation_": 1,
    "_padding_": [
        0,
        0,
        0,
        0
    ],
    "_percent_": true,
    "_skin_": "s8e3cd2de38f48dd8a4e66e23bd3476f",
    "_spa_": {},
    "_spaan_": {},
    "_spaandroidtablet_": {},
    "_spabb_": {},
    "_spaip_": {},
    "_spaipad_": {},
    "_spamobile_": {},
    "_spatablet_": {},
    "_spawindowstablet_": {},
    "_spawinphone8_": {},
    "_tabrcandroid_": {},
    "_top_": {
        "type": "string",
        "value": "0dp"
    },
    "_vizProps_": {
        "hidewidgethierarchy": false
    },
    "_width_": {
        "type": "string",
        "value": "100%"
    },
    "_windows10_": {},
    "_windows8_": {},
    "_winphone10_": {},
    "_winphone8_": {},
    "areflexpropsreferenced": false,
    "canUpdateUI": true,
    "centerx": {
        "type": "string",
        "value": "50%"
    },
    "clipbounds": true,
    "containerweight": 0,
    "dataDiffs": {
        "btnInput1": {
            "__events__": {
                "ide_onClick": "AS_Button_c21d1aded95d49bbbcfa61fbe6234a13"
            },
            "__info__": {
                "kuid": "ddda21a87eb040279bd35624fd8ea23a",
                "srcKUID": "i5dcfe1e694845378d9261c5092d9605",
                "wType": "Button"
            },
            "text": "Normal"
        },
        "btnInput2": {
            "__events__": {
                "ide_onClick": "AS_Button_ad0134b7126c452bbd29a4c59f2f6739"
            },
            "__info__": {
                "kuid": "a64b1ac103754e7a83fcdfef2877435a",
                "srcKUID": "a0fee9569dbf40bba346affa4ca50e3a",
                "wType": "Button"
            },
            "text": "ST-T wave abnormality"
        },
        "btnInput3": {
            "__events__": {
                "ide_onClick": "AS_Button_ad23291fdea74cb491540d979db794b8"
            },
            "__info__": {
                "kuid": "cb77a0760be647ad9e1c1520b91561d1",
                "srcKUID": "fb3b1b92e0c74381ac0f80ae4c50f966",
                "wType": "Button"
            },
            "text": "Left ventricular hypertrophy"
        },
        "flexInput": {
            "__events__": {},
            "__info__": {
                "kuid": "hd68d38a186946f1ac63bbdcbaf99340",
                "srcKUID": "d6495ee2b4c04b98a629603fe2b909e1",
                "wType": "FlexContainer"
            }
        },
        "inputThreeOptions": {
            "__events__": {},
            "__info__": {
                "isRoot": true,
                "kuid": "a958c7dde816497c8604dfb6ef77a345",
                "srcKUID": "e37fc847cce94cc1b75aee4efa450412",
                "wType": "FlexContainer"
            }
        },
        "lblName": {
            "__events__": {},
            "__info__": {
                "kuid": "gbf0b4c04aca4751801f247131165456",
                "srcKUID": "h1d1a36e46e64ecf8c0d8254653937d3",
                "wType": "Label"
            },
            "text": "Resting electrocardiographic results:"
        }
    },
    "enablescrolling": true,
    "id": "inputThreeOptions",
    "info": null,
    "iscustomlayout": false,
    "isdatareferenced": false,
    "issegmentchild": false,
    "isvisible": true,
    "kuid": "a958c7dde816497c8604dfb6ef77a345",
    "layouttype": 4,
    "masterType": 0,
    "name": "kony.ui.UserWidgetInstance",
    "parent": "flexMain",
    "pf": "frmHeartDiseasePrediction",
    "retaincontentalignment": false,
    "retainflexpositionproperties": false,
    "snapgridsize": 10,
    "snaptogrid": true,
    "sourceUserWidget": "e37fc847cce94cc1b75aee4efa450412",
    "wType": "UserWidgetInstance"
}