{
    "@class": "com.kony.gen.viz.model.component.KVizUserWidget",
    "DNDConfig": null,
    "__parentReadjusting__": false,
    "_android_": {},
    "_androidwearos_": {},
    "_children_": [],
    "_desktopweb_": {},
    "_height_": {
        "type": "string",
        "value": "85dp"
    },
    "_ipad_": {},
    "_iphone_": {},
    "_kiosk_": {},
    "_margin_": [
        0,
        0,
        0,
        0
    ],
    "_orientation_": 1,
    "_padding_": [
        0,
        0,
        0,
        0
    ],
    "_percent_": true,
    "_skin_": "s8e3cd2de38f48dd8a4e66e23bd3476f",
    "_spa_": {},
    "_spaan_": {},
    "_spaandroidtablet_": {},
    "_spabb_": {},
    "_spaip_": {},
    "_spaipad_": {},
    "_spamobile_": {},
    "_spatablet_": {},
    "_spawindowstablet_": {},
    "_spawinphone8_": {},
    "_tabrcandroid_": {},
    "_top_": {
        "type": "string",
        "value": "0dp"
    },
    "_vizProps_": {
        "hidewidgethierarchy": false
    },
    "_width_": {
        "type": "string",
        "value": "100%"
    },
    "_windows10_": {},
    "_windows8_": {},
    "_winphone10_": {},
    "_winphone8_": {},
    "areflexpropsreferenced": false,
    "canUpdateUI": true,
    "centerx": {
        "type": "string",
        "value": "50%"
    },
    "clipbounds": true,
    "containerweight": 0,
    "dataDiffs": {
        "btnInput1": {
            "__events__": {
                "ide_onClick": "AS_Button_hef8628668134a70962a3283ca7f6bf9"
            },
            "__info__": {
                "kuid": "e6e3d4236dfe41f08067b9effac3fbcc",
                "srcKUID": "a906222164764222b1224775987abe61",
                "wType": "Button"
            },
            "centerY": {
                "Default": {
                    "type": "string",
                    "value": "49.60%"
                }
            },
            "left": {
                "Default": {
                    "type": "number",
                    "value": "0"
                }
            },
            "text": "Male"
        },
        "btnInput2": {
            "__events__": {
                "ide_onClick": "AS_Button_f1c1efbbb94a40b3a98a9da89d644715"
            },
            "__info__": {
                "kuid": "iadffc9ecc5e4e53a4ee8ca328aa2bab",
                "srcKUID": "df0d1824e9bd4cdd809027485abdf6f8",
                "wType": "Button"
            },
            "text": "Female"
        },
        "flexInput": {
            "__events__": {},
            "__info__": {
                "kuid": "i4ed1a4661f14f148ac0a159a9467089",
                "srcKUID": "b4aea0f822c144bf9ab9a100fe08ff09",
                "wType": "FlexContainer"
            }
        },
        "inputTwoOptions": {
            "__events__": {},
            "__info__": {
                "isRoot": true,
                "kuid": "c8285c16e46242abadb0f7253ee2e0d0",
                "srcKUID": "e99aba65f86647f29ab67a8d22b261ee",
                "wType": "FlexContainer"
            }
        },
        "lblName": {
            "__events__": {},
            "__info__": {
                "kuid": "i171bc1b3ffc4327a4bf7ecb138504a6",
                "srcKUID": "g3354902dea643acad7d20f90d378ed4",
                "wType": "Label"
            },
            "text": "Sex:"
        }
    },
    "enablescrolling": true,
    "id": "inputTwoOptions",
    "info": null,
    "iscustomlayout": false,
    "isdatareferenced": false,
    "isvisible": true,
    "kuid": "c8285c16e46242abadb0f7253ee2e0d0",
    "layouttype": 4,
    "masterType": 0,
    "name": "kony.ui.UserWidgetInstance",
    "parent": "flexMain",
    "pf": "frmHeartDiseasePrediction",
    "retaincontentalignment": false,
    "retainflexpositionproperties": false,
    "snapgridsize": 10,
    "snaptogrid": true,
    "sourceUserWidget": "e99aba65f86647f29ab67a8d22b261ee",
    "wType": "UserWidgetInstance"
}