{
    "@class": "com.kony.gen.viz.model.component.KVizUserWidget",
    "DNDConfig": null,
    "__parentReadjusting__": false,
    "_android_": {},
    "_androidwearos_": {},
    "_children_": [],
    "_desktopweb_": {},
    "_height_": {
        "type": "string",
        "value": "85dp"
    },
    "_ipad_": {},
    "_iphone_": {},
    "_kiosk_": {},
    "_margin_": [
        0,
        0,
        0,
        0
    ],
    "_orientation_": 1,
    "_padding_": [
        0,
        0,
        0,
        0
    ],
    "_percent_": true,
    "_skin_": "s8e3cd2de38f48dd8a4e66e23bd3476f",
    "_spa_": {},
    "_spaan_": {},
    "_spaandroidtablet_": {},
    "_spabb_": {},
    "_spaip_": {},
    "_spaipad_": {},
    "_spamobile_": {},
    "_spatablet_": {},
    "_spawindowstablet_": {},
    "_spawinphone8_": {},
    "_tabrcandroid_": {},
    "_top_": {
        "type": "string",
        "value": "0dp"
    },
    "_vizProps_": {
        "hidewidgethierarchy": false
    },
    "_width_": {
        "type": "string",
        "value": "100%"
    },
    "_windows10_": {},
    "_windows8_": {},
    "_winphone10_": {},
    "_winphone8_": {},
    "areflexpropsreferenced": false,
    "canUpdateUI": true,
    "centerx": {
        "type": "string",
        "value": "50%"
    },
    "clipbounds": true,
    "containerweight": 0,
    "dataDiffs": {
        "btnInput1": {
            "__events__": {
                "ide_onClick": "AS_Button_g66dc3dc5d574e30ba1526306594097d"
            },
            "__info__": {
                "kuid": "j0eccf0df46d49679aeb625e79902d6a",
                "srcKUID": "a906222164764222b1224775987abe61",
                "wType": "Button"
            },
            "text": "Yes"
        },
        "btnInput2": {
            "__events__": {
                "ide_onClick": "AS_Button_h291975d64814b18b703ed28dd2e3198"
            },
            "__info__": {
                "kuid": "f2f7b68875ed418bb69b71e8d122b4f1",
                "srcKUID": "df0d1824e9bd4cdd809027485abdf6f8",
                "wType": "Button"
            },
            "text": "No"
        },
        "flexInput": {
            "__events__": {},
            "__info__": {
                "kuid": "ga08f1cf79924a0f822297e2f52aa685",
                "srcKUID": "b4aea0f822c144bf9ab9a100fe08ff09",
                "wType": "FlexContainer"
            }
        },
        "inputTwoOptions": {
            "__events__": {},
            "__info__": {
                "isRoot": true,
                "kuid": "i423a7ca915d46afa91746a151f4ba87",
                "srcKUID": "e99aba65f86647f29ab67a8d22b261ee",
                "wType": "FlexContainer"
            }
        },
        "lblName": {
            "__events__": {},
            "__info__": {
                "kuid": "d52903f9092c412789686cdbc62c8e35",
                "srcKUID": "g3354902dea643acad7d20f90d378ed4",
                "wType": "Label"
            },
            "text": "Is fasting blood sugar > 120 mg/dl?"
        }
    },
    "enablescrolling": true,
    "id": "inputTwoOptions1",
    "info": null,
    "iscustomlayout": false,
    "isdatareferenced": false,
    "isvisible": true,
    "kuid": "i423a7ca915d46afa91746a151f4ba87",
    "layouttype": 4,
    "masterType": 0,
    "name": "kony.ui.UserWidgetInstance",
    "parent": "flexMain",
    "pf": "frmHeartDiseasePrediction",
    "retaincontentalignment": false,
    "retainflexpositionproperties": false,
    "snapgridsize": 10,
    "snaptogrid": true,
    "sourceUserWidget": "e99aba65f86647f29ab67a8d22b261ee",
    "wType": "UserWidgetInstance"
}