{
    "@class": "com.kony.gen.viz.model.component.KVizUserWidget",
    "DNDConfig": null,
    "__parentReadjusting__": false,
    "_android_": {},
    "_androidwearos_": {},
    "_children_": [],
    "_desktopweb_": {},
    "_height_": {
        "type": "string",
        "value": "85dp"
    },
    "_ipad_": {},
    "_iphone_": {},
    "_kiosk_": {},
    "_margin_": [
        0,
        0,
        0,
        0
    ],
    "_orientation_": 1,
    "_padding_": [
        0,
        0,
        0,
        0
    ],
    "_percent_": true,
    "_skin_": "s8e3cd2de38f48dd8a4e66e23bd3476f",
    "_spa_": {},
    "_spaan_": {},
    "_spaandroidtablet_": {},
    "_spabb_": {},
    "_spaip_": {},
    "_spaipad_": {},
    "_spamobile_": {},
    "_spatablet_": {},
    "_spawindowstablet_": {},
    "_spawinphone8_": {},
    "_tabrcandroid_": {},
    "_top_": {
        "type": "string",
        "value": "0dp"
    },
    "_vizProps_": {
        "hidewidgethierarchy": false
    },
    "_width_": {
        "type": "string",
        "value": "100%"
    },
    "_windows10_": {},
    "_windows8_": {},
    "_winphone10_": {},
    "_winphone8_": {},
    "areflexpropsreferenced": false,
    "autogrowmode": 0,
    "canUpdateUI": true,
    "centerx": {
        "type": "string",
        "value": "50%"
    },
    "clipbounds": true,
    "containerweight": 0,
    "dataDiffs": {
        "btnInput1": {
            "__events__": {
                "ide_onClick": "AS_Button_c1f0032efb464a14897d91bead7986bf"
            },
            "__info__": {
                "kuid": "d9e53e3ecead4e9e9aabf895e2678d05",
                "srcKUID": "i5dcfe1e694845378d9261c5092d9605",
                "wType": "Button"
            },
            "text": "0"
        },
        "btnInput2": {
            "__events__": {
                "ide_onClick": "AS_Button_gfc495503e9b456e88d4ed7bedeee147"
            },
            "__info__": {
                "kuid": "faab17d5809642a4bc075b8338186a0b",
                "srcKUID": "a0fee9569dbf40bba346affa4ca50e3a",
                "wType": "Button"
            },
            "text": "1"
        },
        "btnInput3": {
            "__events__": {
                "ide_onClick": "AS_Button_h4891338ed834581af51fb7671c1a880"
            },
            "__info__": {
                "kuid": "ee841e07745b47b2b8af1a02b374d334",
                "srcKUID": "fb3b1b92e0c74381ac0f80ae4c50f966",
                "wType": "Button"
            },
            "centerY": {
                "Default": {
                    "type": "string",
                    "value": "50.02%"
                }
            },
            "left": {
                "Default": {
                    "type": "number",
                    "value": "2"
                }
            },
            "text": "2"
        },
        "flexInput": {
            "__events__": {},
            "__info__": {
                "kuid": "fa366aa63cf74ee297ea9b2bcf7c8265",
                "srcKUID": "d6495ee2b4c04b98a629603fe2b909e1",
                "wType": "FlexContainer"
            }
        },
        "inputThreeOptions": {
            "__events__": {},
            "__info__": {
                "isRoot": true,
                "kuid": "e7360cc4998e43b9a35a932bf0a70454",
                "srcKUID": "e37fc847cce94cc1b75aee4efa450412",
                "wType": "FlexContainer"
            }
        },
        "lblName": {
            "__events__": {},
            "__info__": {
                "kuid": "d9069b053374457594c125ea2e894588",
                "srcKUID": "h1d1a36e46e64ecf8c0d8254653937d3",
                "wType": "Label"
            },
            "text": "Number of major vessels colored by flouroscopy:"
        }
    },
    "enablescrolling": true,
    "id": "inputThreeOptions2",
    "info": null,
    "iscustomlayout": false,
    "isdatareferenced": false,
    "isvisible": true,
    "kuid": "e7360cc4998e43b9a35a932bf0a70454",
    "layouttype": 4,
    "masterType": 0,
    "name": "kony.ui.UserWidgetInstance",
    "parent": "flexMain",
    "pf": "frmHeartDiseasePrediction",
    "retaincontentalignment": false,
    "retainflexpositionproperties": false,
    "snapgridsize": 10,
    "snaptogrid": true,
    "sourceUserWidget": "e37fc847cce94cc1b75aee4efa450412",
    "wType": "UserWidgetInstance"
}