{
    "@class": "com.kony.gen.viz.model.component.KVizUserWidget",
    "DNDConfig": null,
    "__parentReadjusting__": false,
    "_android_": {},
    "_androidwearos_": {},
    "_children_": [],
    "_desktopweb_": {},
    "_height_": {
        "type": "string",
        "value": "85dp"
    },
    "_ipad_": {},
    "_iphone_": {},
    "_kiosk_": {},
    "_margin_": [
        0,
        0,
        0,
        0
    ],
    "_orientation_": 1,
    "_padding_": [
        0,
        0,
        0,
        0
    ],
    "_percent_": true,
    "_skin_": "s8e3cd2de38f48dd8a4e66e23bd3476f",
    "_spa_": {},
    "_spaan_": {},
    "_spaandroidtablet_": {},
    "_spabb_": {},
    "_spaip_": {},
    "_spaipad_": {},
    "_spamobile_": {},
    "_spatablet_": {},
    "_spawindowstablet_": {},
    "_spawinphone8_": {},
    "_tabrcandroid_": {},
    "_top_": {
        "type": "string",
        "value": "0dp"
    },
    "_vizProps_": {
        "hidewidgethierarchy": false
    },
    "_width_": {
        "type": "string",
        "value": "100%"
    },
    "_windows10_": {},
    "_windows8_": {},
    "_winphone10_": {},
    "_winphone8_": {},
    "areflexpropsreferenced": false,
    "autogrowmode": 0,
    "canUpdateUI": true,
    "centerx": {
        "type": "string",
        "value": "50%"
    },
    "clipbounds": true,
    "containerweight": 0,
    "dataDiffs": {
        "btnInput1": {
            "__events__": {
                "ide_onClick": "AS_Button_f178535005d348c89a04e697be9a1829"
            },
            "__info__": {
                "kuid": "e220252e1f7643d984158637c8e501e4",
                "srcKUID": "i5dcfe1e694845378d9261c5092d9605",
                "wType": "Button"
            },
            "text": "Normal"
        },
        "btnInput2": {
            "__events__": {
                "ide_onClick": "AS_Button_e37dd221f5fb4e298c9532fa69ddd8b8"
            },
            "__info__": {
                "kuid": "c401cbf9e28d4f9da61e72486b13e467",
                "srcKUID": "a0fee9569dbf40bba346affa4ca50e3a",
                "wType": "Button"
            },
            "text": "Fixed defect"
        },
        "btnInput3": {
            "__events__": {
                "ide_onClick": "AS_Button_hc851c73de134d3e82541dfab8eca639"
            },
            "__info__": {
                "kuid": "eb9d55baa6cc4a12bf5de17d38e41fb3",
                "srcKUID": "fb3b1b92e0c74381ac0f80ae4c50f966",
                "wType": "Button"
            },
            "text": "Reversable defect"
        },
        "flexInput": {
            "__events__": {},
            "__info__": {
                "kuid": "c5256705251c491b8b5f045f45501047",
                "srcKUID": "d6495ee2b4c04b98a629603fe2b909e1",
                "wType": "FlexContainer"
            }
        },
        "inputThreeOptions": {
            "__events__": {},
            "__info__": {
                "isRoot": true,
                "kuid": "c912ccf8561a49cb8f9c13974d76ba04",
                "srcKUID": "e37fc847cce94cc1b75aee4efa450412",
                "wType": "FlexContainer"
            }
        },
        "lblName": {
            "__events__": {},
            "__info__": {
                "kuid": "h744e24d398d48e995df09069de748e7",
                "srcKUID": "h1d1a36e46e64ecf8c0d8254653937d3",
                "wType": "Label"
            },
            "text": "Categories of complications:"
        }
    },
    "enablescrolling": true,
    "id": "inputThreeOptions3",
    "info": null,
    "iscustomlayout": false,
    "isdatareferenced": false,
    "isvisible": true,
    "kuid": "c912ccf8561a49cb8f9c13974d76ba04",
    "layouttype": 4,
    "masterType": 0,
    "name": "kony.ui.UserWidgetInstance",
    "parent": "flexMain",
    "pf": "frmHeartDiseasePrediction",
    "retaincontentalignment": false,
    "retainflexpositionproperties": false,
    "snapgridsize": 10,
    "snaptogrid": true,
    "sourceUserWidget": "e37fc847cce94cc1b75aee4efa450412",
    "wType": "UserWidgetInstance"
}