{
    "@class": "com.kony.gen.viz.model.component.KVizUserWidget",
    "DNDConfig": null,
    "__parentReadjusting__": false,
    "_android_": {},
    "_androidwearos_": {},
    "_children_": [],
    "_desktopweb_": {},
    "_height_": {
        "type": "string",
        "value": "85dp"
    },
    "_ipad_": {},
    "_iphone_": {},
    "_kiosk_": {},
    "_margin_": [
        0,
        0,
        0,
        0
    ],
    "_orientation_": 1,
    "_padding_": [
        0,
        0,
        0,
        0
    ],
    "_percent_": true,
    "_skin_": "s8e3cd2de38f48dd8a4e66e23bd3476f",
    "_spa_": {},
    "_spaan_": {},
    "_spaandroidtablet_": {},
    "_spabb_": {},
    "_spaip_": {},
    "_spaipad_": {},
    "_spamobile_": {},
    "_spatablet_": {},
    "_spawindowstablet_": {},
    "_spawinphone8_": {},
    "_tabrcandroid_": {},
    "_top_": {
        "type": "string",
        "value": "0dp"
    },
    "_vizProps_": {
        "hidewidgethierarchy": false
    },
    "_width_": {
        "type": "string",
        "value": "100%"
    },
    "_windows10_": {},
    "_windows8_": {},
    "_winphone10_": {},
    "_winphone8_": {},
    "areflexpropsreferenced": false,
    "canUpdateUI": true,
    "centerx": {
        "type": "string",
        "value": "50%"
    },
    "clipbounds": true,
    "containerweight": 0,
    "dataDiffs": {
        "btnInput1": {
            "__events__": {
                "ide_onClick": "AS_Button_f344328ef4b34b96a0f22acf7bd2c5ea"
            },
            "__info__": {
                "kuid": "b0277a553a994297af4cb470827254c2",
                "srcKUID": "a906222164764222b1224775987abe61",
                "wType": "Button"
            },
            "text": "Yes"
        },
        "btnInput2": {
            "__events__": {
                "ide_onClick": "AS_Button_gdae899c9b7c4e3c89699779af486073"
            },
            "__info__": {
                "kuid": "b83314582d974a6282d740792c9bcf85",
                "srcKUID": "df0d1824e9bd4cdd809027485abdf6f8",
                "wType": "Button"
            },
            "text": "No"
        },
        "flexInput": {
            "__events__": {},
            "__info__": {
                "kuid": "e1e6cdb17acd46f19ea42440c6e93a56",
                "srcKUID": "b4aea0f822c144bf9ab9a100fe08ff09",
                "wType": "FlexContainer"
            }
        },
        "inputTwoOptions": {
            "__events__": {},
            "__info__": {
                "isRoot": true,
                "kuid": "f43b0c1b45b44999a56bf8b932ddf6c9",
                "srcKUID": "e99aba65f86647f29ab67a8d22b261ee",
                "wType": "FlexContainer"
            }
        },
        "lblName": {
            "__events__": {},
            "__info__": {
                "kuid": "g9eb57f012cc4b70b7c983b6ec01e199",
                "srcKUID": "g3354902dea643acad7d20f90d378ed4",
                "wType": "Label"
            },
            "text": "Exercise induced angina:"
        }
    },
    "enablescrolling": true,
    "id": "inputTwoOptions2",
    "info": null,
    "iscustomlayout": false,
    "isdatareferenced": false,
    "isvisible": true,
    "kuid": "f43b0c1b45b44999a56bf8b932ddf6c9",
    "layouttype": 4,
    "masterType": 0,
    "name": "kony.ui.UserWidgetInstance",
    "parent": "flexMain",
    "pf": "frmHeartDiseasePrediction",
    "retaincontentalignment": false,
    "retainflexpositionproperties": false,
    "snapgridsize": 10,
    "snaptogrid": true,
    "sourceUserWidget": "e99aba65f86647f29ab67a8d22b261ee",
    "wType": "UserWidgetInstance"
}