{
    "@class": "com.kony.gen.viz.model.component.KVizUserWidget",
    "DNDConfig": null,
    "__parentReadjusting__": false,
    "_android_": {},
    "_androidwearos_": {},
    "_children_": [],
    "_desktopweb_": {},
    "_height_": {
        "type": "string",
        "value": "85dp"
    },
    "_ipad_": {},
    "_iphone_": {},
    "_kiosk_": {},
    "_margin_": [
        0,
        0,
        0,
        0
    ],
    "_orientation_": 1,
    "_padding_": [
        0,
        0,
        0,
        0
    ],
    "_percent_": true,
    "_skin_": "s8e3cd2de38f48dd8a4e66e23bd3476f",
    "_spa_": {},
    "_spaan_": {},
    "_spaandroidtablet_": {},
    "_spabb_": {},
    "_spaip_": {},
    "_spaipad_": {},
    "_spamobile_": {},
    "_spatablet_": {},
    "_spawindowstablet_": {},
    "_spawinphone8_": {},
    "_tabrcandroid_": {},
    "_top_": {
        "type": "string",
        "value": "0dp"
    },
    "_vizProps_": {
        "hidewidgethierarchy": false
    },
    "_width_": {
        "type": "string",
        "value": "100%"
    },
    "_windows10_": {},
    "_windows8_": {},
    "_winphone10_": {},
    "_winphone8_": {},
    "areflexpropsreferenced": false,
    "canUpdateUI": true,
    "centerx": {
        "type": "string",
        "value": "50%"
    },
    "clipbounds": true,
    "containerweight": 0,
    "dataDiffs": {
        "inputTextBox": {
            "__events__": {},
            "__info__": {
                "isRoot": true,
                "kuid": "b09c5e6b9da04a728b38bfabc8464a0c",
                "srcKUID": "bac79fb0c5c14fbf8ce385f90e8f21d5",
                "wType": "FlexContainer"
            },
            "top": {
                "Default": {
                    "type": "string",
                    "value": "0dp"
                }
            }
        },
        "lblName": {
            "__events__": {},
            "__info__": {
                "kuid": "i20f427fb2ef420ab975eaae7cc03d2f",
                "srcKUID": "he8738f1d4f3451c857264c94d3a55e9",
                "wType": "Label"
            },
            "left": {
                "Default": {
                    "type": "string",
                    "value": "21dp"
                }
            },
            "text": "Resting blood pressure:",
            "top": {
                "Default": {
                    "type": "string",
                    "value": "5dp"
                }
            }
        },
        "tbxInputValue": {
            "__events__": {},
            "__info__": {
                "kuid": "eb27bf393e024a438912be9a61372ff1",
                "srcKUID": "db3aeb5ecb0c4425bb7a0ac3dc0dc626",
                "wType": "TextField"
            },
            "placeholder": "Enter resting blood pressure (in mm Hg)"
        }
    },
    "enablescrolling": true,
    "id": "inputTextBox1",
    "info": null,
    "iscustomlayout": false,
    "isdatareferenced": false,
    "issegmentchild": false,
    "isvisible": true,
    "kuid": "b09c5e6b9da04a728b38bfabc8464a0c",
    "layouttype": 4,
    "masterType": 0,
    "name": "kony.ui.UserWidgetInstance",
    "parent": "flexMain",
    "pf": "frmHeartDiseasePrediction",
    "retaincontentalignment": false,
    "retainflexpositionproperties": false,
    "snapgridsize": 10,
    "snaptogrid": true,
    "sourceUserWidget": "bac79fb0c5c14fbf8ce385f90e8f21d5",
    "wType": "UserWidgetInstance"
}