{
    "@class": "com.kony.gen.viz.model.component.KVizUserWidget",
    "DNDConfig": null,
    "__parentReadjusting__": false,
    "_android_": {},
    "_androidwearos_": {},
    "_children_": [],
    "_desktopweb_": {},
    "_height_": {
        "type": "string",
        "value": "85dp"
    },
    "_ipad_": {},
    "_iphone_": {},
    "_kiosk_": {},
    "_margin_": [
        0,
        0,
        0,
        0
    ],
    "_orientation_": 1,
    "_padding_": [
        0,
        0,
        0,
        0
    ],
    "_percent_": true,
    "_skin_": "s8e3cd2de38f48dd8a4e66e23bd3476f",
    "_spa_": {},
    "_spaan_": {},
    "_spaandroidtablet_": {},
    "_spabb_": {},
    "_spaip_": {},
    "_spaipad_": {},
    "_spamobile_": {},
    "_spatablet_": {},
    "_spawindowstablet_": {},
    "_spawinphone8_": {},
    "_tabrcandroid_": {},
    "_top_": {
        "type": "string",
        "value": "0dp"
    },
    "_vizProps_": {
        "hidewidgethierarchy": false
    },
    "_width_": {
        "type": "string",
        "value": "100%"
    },
    "_windows10_": {},
    "_windows8_": {},
    "_winphone10_": {},
    "_winphone8_": {},
    "areflexpropsreferenced": false,
    "autogrowmode": 0,
    "canUpdateUI": true,
    "centerx": {
        "type": "string",
        "value": "50.00%"
    },
    "clipbounds": true,
    "containerweight": 0,
    "dataDiffs": {
        "btnInput1": {
            "__events__": {
                "ide_onClick": "AS_Button_ebeaa4ea88d7467d965fa6dacc5e4437"
            },
            "__info__": {
                "kuid": "h0bc9f75595c4207aa5945fc40c2aa5e",
                "srcKUID": "e26ea7a950ac48e48cd5018f4415cf47",
                "wType": "Button"
            },
            "text": "Typical angina"
        },
        "btnInput2": {
            "__events__": {
                "ide_onClick": "AS_Button_cecd04c6bcc44e568a6ed56891057f87"
            },
            "__info__": {
                "kuid": "gb5ad62ecc1e4ea198e4312d3942dc18",
                "srcKUID": "bb8c3ecabe774c00a982802984f19eaa",
                "wType": "Button"
            },
            "text": "Atypical angina"
        },
        "btnInput3": {
            "__events__": {
                "ide_onClick": "AS_Button_i407472123564e21a4b6fc955052b960"
            },
            "__info__": {
                "kuid": "i85acf8f631643ee9c0f350bcaf1d5ce",
                "srcKUID": "dc03e33f4f0248eeaf848f6c06b9268d",
                "wType": "Button"
            },
            "text": "Non-anginal pain"
        },
        "btnInput4": {
            "__events__": {
                "ide_onClick": "AS_Button_e8833812ba3b4a7bb84d0a1883378706"
            },
            "__info__": {
                "kuid": "i13ebbf517004315a9084e0a3bd30f86",
                "srcKUID": "i3687a460a14493db2074aebc6848a34",
                "wType": "Button"
            },
            "text": "Asymptomatic"
        },
        "flexInput": {
            "__events__": {},
            "__info__": {
                "kuid": "b77c07ed475b4248a12b056044ea6c24",
                "srcKUID": "f23123f7b7cf4e508a241a01929ab403",
                "wType": "FlexContainer"
            }
        },
        "inputFourOptions": {
            "__events__": {},
            "__info__": {
                "isRoot": true,
                "kuid": "e00ed1882cca47df89b1cc7c46ca0cd0",
                "srcKUID": "gb78f81f93bc4da7813e3a4b1f154ce5",
                "wType": "FlexContainer"
            },
            "centerX": {
                "Default": {
                    "type": "string",
                    "value": "50.00%"
                }
            },
            "top": {
                "Default": {
                    "type": "string",
                    "value": "0dp"
                }
            }
        },
        "lblName": {
            "__events__": {},
            "__info__": {
                "kuid": "df30d4389fbf4a5184734267d6909215",
                "srcKUID": "ic80f3ed6d55453a934c54d9b5b782a4",
                "wType": "Label"
            },
            "text": "Chest pain types:"
        }
    },
    "enablescrolling": true,
    "id": "inputFourOptions",
    "info": null,
    "iscustomlayout": false,
    "isdatareferenced": false,
    "isvisible": true,
    "kuid": "e00ed1882cca47df89b1cc7c46ca0cd0",
    "layouttype": 4,
    "masterType": 0,
    "name": "kony.ui.UserWidgetInstance",
    "parent": "flexMain",
    "pf": "frmHeartDiseasePrediction",
    "retaincontentalignment": false,
    "retainflexpositionproperties": false,
    "snapgridsize": 10,
    "snaptogrid": true,
    "sourceUserWidget": "gb78f81f93bc4da7813e3a4b1f154ce5",
    "wType": "UserWidgetInstance"
}