{
    "@class": "com.kony.gen.viz.model.container.KVizSegment2",
    "DNDConfig": null,
    "__parentReadjusting__": false,
    "_data_": [
        {
            "lblFactor": {
                "@class": "com.viz.ide.model.segment.SimpleTextSegmentData",
                "text": "Age of the subject, in number."
            }
        },
        {
            "lblFactor": {
                "@class": "com.viz.ide.model.segment.SimpleTextSegmentData",
                "text": "Chest pain. The pain severity from high to low is: typical, atypical, non-anginal and asymptomatic."
            }
        },
        {
            "lblFactor": {
                "@class": "com.viz.ide.model.segment.SimpleTextSegmentData",
                "text": "Blood pressure"
            }
        },
        {
            "lblFactor": {
                "@class": "com.viz.ide.model.segment.SimpleTextSegmentData",
                "text": "Cholesterol"
            }
        },
        {
            "lblFactor": {
                "@class": "com.viz.ide.model.segment.SimpleTextSegmentData",
                "text": "Fasting blood sugar (FBS)"
            }
        },
        {
            "lblFactor": {
                "@class": "com.viz.ide.model.segment.SimpleTextSegmentData",
                "text": "Electrocardiographic results"
            }
        },
        {
            "lblFactor": {
                "@class": "com.viz.ide.model.segment.SimpleTextSegmentData",
                "text": "Maximum heart rate"
            }
        },
        {
            "lblFactor": {
                "@class": "com.viz.ide.model.segment.SimpleTextSegmentData",
                "text": "Exercise induced angina"
            }
        },
        {
            "lblFactor": {
                "@class": "com.viz.ide.model.segment.SimpleTextSegmentData",
                "text": "ST depression induced by exercise relative to rest"
            }
        },
        {
            "lblFactor": {
                "@class": "com.viz.ide.model.segment.SimpleTextSegmentData",
                "text": "The slope of the peak exercise ST segment"
            }
        },
        {
            "lblFactor": {
                "@class": "com.viz.ide.model.segment.SimpleTextSegmentData",
                "text": "Number of major vessels colored by fluoroscopy"
            }
        },
        {
            "lblFactor": {
                "@class": "com.viz.ide.model.segment.SimpleTextSegmentData",
                "text": "Categories of complications"
            }
        }
    ],
    "_height_": {
        "type": "string",
        "value": "75%"
    },
    "_indicator_": "none",
    "_margin_": [
        0,
        0,
        0,
        0
    ],
    "_orientation_": 2,
    "_padding_": [
        0,
        0,
        0,
        0
    ],
    "_top_": {
        "type": "string",
        "value": "5dp"
    },
    "_width_": {
        "type": "string",
        "value": "85%"
    },
    "autogrowmode": 0,
    "canUpdateUI": true,
    "centerx": {
        "type": "string",
        "value": "50%"
    },
    "containerweight": 100,
    "counter": "011",
    "focusedindex": null,
    "focuseditem": null,
    "generatedtemplate": "e6ac1a42bee14d7c850540fc5cc36262",
    "groupcells": false,
    "hasSections": false,
    "id": "segHeartDiseaseCriticalFactors",
    "ide_onRowClick": "AS_Segment_c1ac939c5b4b4e07bc0ddc208cd01d99",
    "info": null,
    "ipad": {
        "psp": {
            "indicator": "rowselect"
        }
    },
    "iphone": {
        "psp": {
            "indicator": "rowselect"
        }
    },
    "iscustomlayout": false,
    "isvisible": true,
    "kuid": "h5680c3e985d4251857e56c99108b04d",
    "masterdata": {},
    "name": "kony.ui.SegmentedUI2",
    "needpageindicator": true,
    "pageoffdotimage": "pageoffdot.png",
    "pageondotimage": "pageondot.png",
    "paginationconfig": {
        "position": "bottom"
    },
    "parent": "flexCriticalFactors",
    "pf": "frmHeartDiseasePrediction",
    "retaincontentalignment": false,
    "retainflexpositionproperties": false,
    "retainselection": false,
    "rowTemplateId": "e6ac1a42bee14d7c850540fc5cc36262",
    "rowcounter": 11,
    "rowfocusskin": "sd2db47526a24988b474f308e50f28f5",
    "rowskin": "s3d6a51a2fb64a679876a2579fe3dc5f",
    "rowtemplate": "FBox0e4001bfb540d42",
    "screenlevelwidget": false,
    "seccounter": 0,
    "sectionheaderskin": "sb12841d78dd46199180cf82ca737a11",
    "selectedRows": null,
    "selectedState": false,
    "selectedindex": null,
    "selectedindices": null,
    "selecteditems": null,
    "selectedsectionindex": 0,
    "selectionbehavior": "default",
    "separatorcolor": "aaaaaa00",
    "separatorrequired": true,
    "separatorthickness": 1,
    "showscrollbars": false,
    "viewtype": "tableview",
    "vizProps": {},
    "wType": "Segment",
    "widgetalignment": 5,
    "widgetdatamap": {
        "lblFactor": "lblFactor"
    },
    "zindex": 1
}