{
    "AS_FlexContainer_gf1f028521a24b239c1972443f4583f9": {
        "id": "AS_FlexContainer_gf1f028521a24b239c1972443f4583f9",
        "type": "ACTION_SEQUENCE",
        "params": [{
            "datatype": "collection",
            "name": "eventobject"
        }],
        "contextObj": {
            "name": "uwu4e27ac0ee40412a990c96e4f3015a0a",
            "type": "userwidgets",
            "KUID": "u4e27ac0ee40412a990c96e4f3015a0a"
        },
        "language": "js",
        "actions": [{
            "id": "SET_FORM_WIDGET_PROPERTY_Untitled___j78f8a62f55a482b82285f3d03c420ac",
            "type": "SET_WIDGET_PROPERTY",
            "itemType": "COMPONENT",
            "itemId": "com.edification.appfooter",
            "widgetId": "flexCredits",
            "propertyName": "isVisible",
            "propertyValue": "false",
            "itemKUID": "u4e27ac0ee40412a990c96e4f3015a0a",
            "widgetKUID": "e936c6d5d4a34ca2b2fda6a1d9a00715",
            "isSkinProperty": false,
            "wType": "FlexContainer",
            "forkedPlatform": "all",
            "parentId": null,
            "callbackType": null,
            "widgetPath": "this.view.flexCredits"
        }, {
            "id": "SET_FORM_WIDGET_PROPERTY_Untitled___a9b8e8f6feee435291fdcab006932e11",
            "type": "SET_WIDGET_PROPERTY",
            "itemType": "COMPONENT",
            "itemId": "com.edification.appfooter",
            "widgetId": "lblFooter",
            "propertyName": "isVisible",
            "propertyValue": "true",
            "itemKUID": "u4e27ac0ee40412a990c96e4f3015a0a",
            "widgetKUID": "d764aa6adca8490495b018f55673887a",
            "isSkinProperty": false,
            "wType": "Label",
            "forkedPlatform": "all",
            "parentId": null,
            "callbackType": null,
            "widgetPath": "this.view.lblFooter"
        }]
    }
}