{
    "AS_Label_b7781165c0f5468293c22a9386038123": {
        "id": "AS_Label_b7781165c0f5468293c22a9386038123",
        "type": "ACTION_SEQUENCE",
        "params": [{
            "datatype": "collection",
            "name": "eventobject"
        }, {
            "datatype": "string",
            "name": "x"
        }, {
            "datatype": "string",
            "name": "y"
        }],
        "contextObj": {
            "name": "uwu4e27ac0ee40412a990c96e4f3015a0a",
            "type": "userwidgets",
            "KUID": "u4e27ac0ee40412a990c96e4f3015a0a"
        },
        "language": "js",
        "actions": [{
            "id": "SET_FORM_WIDGET_PROPERTY_Untitled___h1c96ebb737d400eb8e0727c392ac89d",
            "type": "SET_WIDGET_PROPERTY",
            "itemType": "COMPONENT",
            "itemId": "com.edification.appfooter",
            "widgetId": "flexCredits",
            "propertyName": "isVisible",
            "propertyValue": "true",
            "itemKUID": "u4e27ac0ee40412a990c96e4f3015a0a",
            "widgetKUID": "e936c6d5d4a34ca2b2fda6a1d9a00715",
            "isSkinProperty": false,
            "wType": "FlexContainer",
            "forkedPlatform": "all",
            "parentId": null,
            "callbackType": null,
            "widgetPath": "this.view.flexCredits"
        }, {
            "id": "SET_FORM_WIDGET_PROPERTY_Untitled___bdbf1cada36f43f8b42811858bb2b1d4",
            "type": "SET_WIDGET_PROPERTY",
            "itemType": "COMPONENT",
            "itemId": "com.edification.appfooter",
            "widgetId": "lblFooter",
            "propertyName": "isVisible",
            "propertyValue": "false",
            "itemKUID": "u4e27ac0ee40412a990c96e4f3015a0a",
            "widgetKUID": "d764aa6adca8490495b018f55673887a",
            "isSkinProperty": false,
            "wType": "Label",
            "forkedPlatform": "all",
            "parentId": null,
            "callbackType": null,
            "widgetPath": "this.view.lblFooter"
        }]
    }
}