{
    "DNDConfig": null,
    "_height_": {
        "type": "string",
        "value": "60dp"
    },
    "_margin_": [
        0,
        0,
        0,
        0
    ],
    "_orientation_": 6,
    "_padding_": [
        0,
        0,
        0,
        0
    ],
    "_percent_": true,
    "_width_": {
        "type": "string",
        "value": "100%"
    },
    "allboxes": [],
    "autogrowmode": 0,
    "canUpdateUI": true,
    "children": [
        "lblFactor"
    ],
    "clipbounds": false,
    "containerId": true,
    "containerweight": 100,
    "controllerInfo": {
        "default": {
            "channel": "mobile",
            "name": "FBox0e4001bfb540d42Controller"
        }
    },
    "enablescrolling": true,
    "id": "FBox0e4001bfb540d42",
    "info": null,
    "isGeneratedTemplate": true,
    "isTemplate": true,
    "iscustomlayout": false,
    "isvisible": true,
    "kuid": "e6ac1a42bee14d7c850540fc5cc36262",
    "layouttype": 2,
    "name": "kony.ui.FlexContainer",
    "pf": "FBox0e4001bfb540d42",
    "retaincontentalignment": false,
    "retainflexpositionproperties": false,
    "retainflowhorizontalalignment": false,
    "snapgridsize": 10,
    "snaptogrid": true,
    "wType": "FlexContainer",
    "widgetalignment": 1
}