{
    "@class": "com.kony.gen.viz.model.component.KVizTextBox2",
    "DNDConfig": null,
    "__parentReadjusting__": false,
    "_height_": {
        "type": "string",
        "value": "40dp"
    },
    "_margin_": [
        0,
        0,
        0,
        0
    ],
    "_padding_": [
        1,
        0,
        0,
        0
    ],
    "_placeholder_": "Placeholder",
    "_skin_": "s15f0a40b87f45bbb4e1ab5e654c797c",
    "_text_": "",
    "_top_": {
        "type": "string",
        "value": "5dp"
    },
    "_width_": {
        "type": "string",
        "value": "90%"
    },
    "android": {},
    "autocapitalize": "none",
    "autocomplete": false,
    "autocorrect": false,
    "autofilter": false,
    "canUpdateUI": true,
    "centerx": {
        "type": "string",
        "value": "50%"
    },
    "containerheight": "",
    "containerheightmode": 1,
    "containerweight": 100,
    "contentalignment": 4,
    "focusskin": "s1b46d6834854aa4bb85b6c40f9c5396",
    "id": "tbxInputValue",
    "info": null,
    "iscustomlayout": false,
    "isvisible": true,
    "keyboardtype": "A",
    "kuid": "db3aeb5ecb0c4425bb7a0ac3dc0dc626",
    "mode": "A",
    "name": "kony.ui.TextBox2",
    "parent": "inputTextBox",
    "pf": "userwidgetmodel",
    "placeholderskin": "sdaeed32d17c49aa967930fef6f9765c",
    "retaincontentalignment": false,
    "retainflexpositionproperties": false,
    "securetextentry": false,
    "textinputmode": "A",
    "tooltip": "",
    "viewtype": "default",
    "wType": "TextField",
    "zindex": 1
}