{
    "@class": "com.kony.gen.viz.model.component.KVizButton",
    "DNDConfig": null,
    "__parentReadjusting__": false,
    "_height_": {
        "type": "string",
        "value": "100%"
    },
    "_left_": {
        "type": "number",
        "value": "2"
    },
    "_margin_": [
        6,
        6,
        6,
        6
    ],
    "_padding_": [
        0,
        0,
        0,
        0
    ],
    "_skin_": "sd364d0caba841d89580f633f2f56161",
    "_text_": "Input 3",
    "_width_": {
        "type": "string",
        "value": "25%"
    },
    "canUpdateUI": true,
    "centery": {
        "type": "string",
        "value": "50.36%"
    },
    "containerweight": 100,
    "contentalignment": 5,
    "displaytext": true,
    "focusskin": "s32341d982844b8580c0e9ffa12f993b",
    "id": "btnInput3",
    "info": null,
    "iscustomlayout": false,
    "isvisible": true,
    "kuid": "dc03e33f4f0248eeaf848f6c06b9268d",
    "name": "kony.ui.Button",
    "parent": "flexInput",
    "pf": "userwidgetmodel",
    "retaincontentalignment": false,
    "retainflexpositionproperties": false,
    "wType": "Button",
    "zindex": 1
}