{
    "@class": "com.kony.gen.viz.model.component.KVizButton",
    "DNDConfig": null,
    "__parentReadjusting__": false,
    "_height_": {
        "type": "string",
        "value": "100%"
    },
    "_left_": {
        "type": "number",
        "value": "2"
    },
    "_margin_": [
        6,
        6,
        6,
        6
    ],
    "_padding_": [
        0,
        0,
        0,
        0
    ],
    "_skin_": "s99b01b0ed84432c83f37ee98f277a7a",
    "_text_": "Input 2",
    "_width_": {
        "type": "string",
        "value": "48%"
    },
    "canUpdateUI": true,
    "centery": {
        "type": "string",
        "value": "50%"
    },
    "containerweight": 100,
    "contentalignment": 5,
    "displaytext": true,
    "focusskin": "s7954f144e5746a198fff5aae17520be",
    "id": "btnInput2",
    "info": null,
    "iscustomlayout": false,
    "isvisible": true,
    "kuid": "df0d1824e9bd4cdd809027485abdf6f8",
    "name": "kony.ui.Button",
    "parent": "flexInput",
    "pf": "userwidgetmodel",
    "retaincontentalignment": false,
    "retainflexpositionproperties": false,
    "wType": "Button",
    "zindex": 1
}