<?xml version="1.0" encoding="UTF-8" standalone="yes"?>
<plugins>
    <pluginInfo version-no="8.4.11.v201904142300" plugin-id="com.kony.ide.paas.branding" plugin-name="Branding"/>
    <pluginInfo version-no="8.4.6.v201903141418" plugin-id="com.pat.tool.keditor" plugin-name="Kony Studio"/>
    <pluginInfo version-no="8.4.5.v201903072239" plugin-id="com.kony.thirdparty.jars" plugin-name="Third Party Jars Plug-in"/>
    <pluginInfo version-no="8.4.5.v201903072239" plugin-id="com.pat.soapui" plugin-name="Soap UI Plugin"/>
    <pluginInfo version-no="8.4.0.v201812201320" plugin-id="com.kony.codegen" plugin-name="Kony Codegenerator"/>
    <pluginInfo version-no="8.4.5.v201903072239" plugin-id="com.kony.license" plugin-name="Kony Studio Licensing"/>
    <pluginInfo version-no="8.4.1.GA_v201903131139_r1" plugin-id="com.kony.cloudmiddleware" plugin-name="CloudMiddlewarePlugin"/>
    <pluginInfo version-no="8.4.1.GA_v201903131139_r1" plugin-id="com.kony.cloudthirdparty" plugin-name="CloudThirdPartyPlugin"/>
    <pluginInfo version-no="8.4.2.v201902141540" plugin-id="com.kony.viz.ide" plugin-name="Visualizer Integration Plugin"/>
    <pluginInfo version-no="8.0.0.v201709081322" plugin-id="com.kony.studio.cloud" plugin-name="Kony Studio Cloud Integration"/>
    <pluginInfo version-no="8.4.0.v201901240955" plugin-id="com.kony.fpreview" plugin-name="Kony Functional Preview Plugin"/>
    <pluginInfo version-no="8.4.11.v201904112326" plugin-id="com.kony.studio.viz.api" plugin-name="StudioViz API"/>
    <pluginInfo version-no="8.4.11.v201904112326" plugin-id="com.kony.studio.viz.chrome.api" plugin-name="StudioViz Chrome API"/>
    <pluginInfo version-no="8.4.11.v201904112326" plugin-id="com.kony.studio.viz.chrome.win64" plugin-name="StudioViz Chrome"/>
    <pluginInfo version-no="8.4.11.v201904112326" plugin-id="com.kony.studio.viz.core.win64" plugin-name="StudioViz Core"/>
    <pluginInfo version-no="8.4.11.v201904112326" plugin-id="com.kony.studio.viz.nodejs.win64" plugin-name="StudioViz NodeJS"/>
    <pluginInfo version-no="8.4.0.v201812281452" plugin-id="com.kony.reference.architecture" plugin-name="Reference Architecture"/>
    <pluginInfo version-no="8.4.11.v201904112321" plugin-id="com.pat.tabrcandroid" plugin-name="Tablet Android"/>
    <pluginInfo version-no="8.4.5.v201903072245" plugin-id="com.kony.windowsphone8" plugin-name="Windows Phone 8 Plug-in"/>
    <pluginInfo version-no="8.4.9.v201903291218" plugin-id="com.kony.windows8" plugin-name="Windows 8.1 Plug-in"/>
    <pluginInfo version-no="8.4.9.v201903291016" plugin-id="com.kony.windows10" plugin-name="Windows 10 Plug-in"/>
    <pluginInfo version-no="8.4.11.v201904112321" plugin-id="com.pat.android" plugin-name="Android"/>
    <pluginInfo version-no="8.4.8.v201903222125" plugin-id="com.kony.windows" plugin-name="Windows Desktop Plug-in"/>
    <pluginInfo version-no="8.4.11.v201904121837" plugin-id="com.kony.spa" plugin-name="SPA"/>
    <pluginInfo version-no="8.4.11.v201904121808" plugin-id="com.kony.desktopweb" plugin-name="Kony Desktop Web"/>
    <pluginInfo version-no="8.4.0.201901111707" plugin-id="com.kony.webcommons" plugin-name="Kony Web Commons"/>
    <pluginInfo version-no="8.4.11.v201904121337" plugin-id="com.kony.ios" plugin-name="iOS Plugin"/>
    <pluginInfo version-no="8.4.10.v201904041237" plugin-id="com.kony.mobile.fabric.client.sdk" plugin-name="MobileFabric Client SDK"/>
</plugins>
