{
    "DNDConfig": null,
    "__parentReadjusting__": false,
    "_height_": {
        "type": "string",
        "value": "75%"
    },
    "_left_": {
        "type": "string",
        "value": "5dp"
    },
    "_margin_": [
        0,
        0,
        0,
        0
    ],
    "_orientation_": 6,
    "_padding_": [
        0,
        0,
        0,
        0
    ],
    "_percent_": true,
    "_skin_": "sddd9337d9e541109018aa79c3e8d7a2",
    "_width_": {
        "type": "string",
        "value": "2dp"
    },
    "allboxes": [],
    "autogrowmode": 0,
    "canUpdateUI": true,
    "centery": {
        "type": "string",
        "value": "50%"
    },
    "children": [],
    "clipbounds": true,
    "containerId": true,
    "containerweight": 100,
    "enablescrolling": true,
    "id": "flexDivider",
    "info": null,
    "iscustomlayout": false,
    "isvisible": true,
    "kuid": "j6353fe3eb7448f6a6610e8fad046430",
    "layouttype": 2,
    "name": "kony.ui.FlexContainer",
    "parent": "segFlexRow",
    "pf": "tplSegRow",
    "retaincontentalignment": false,
    "retainflexpositionproperties": false,
    "retainflowhorizontalalignment": false,
    "snapgridsize": 10,
    "snaptogrid": true,
    "wType": "FlexContainer",
    "widgetalignment": 1,
    "zindex": 1
}