{
    "@class": "com.kony.gen.viz.model.component.KVizUserWidget",
    "DNDConfig": null,
    "__parentReadjusting__": false,
    "_android_": {},
    "_androidwearos_": {},
    "_children_": [],
    "_desktopweb_": {},
    "_height_": {
        "type": "string",
        "value": "50dp"
    },
    "_ipad_": {},
    "_iphone_": {},
    "_kiosk_": {},
    "_left_": {
        "type": "string",
        "value": "0dp"
    },
    "_margin_": [
        0,
        0,
        0,
        0
    ],
    "_orientation_": 1,
    "_padding_": [
        0,
        0,
        0,
        0
    ],
    "_percent_": true,
    "_skin_": "s2e163f1d2c0495d945c5141600d87c2",
    "_spa_": {},
    "_spaan_": {},
    "_spaandroidtablet_": {},
    "_spabb_": {},
    "_spaip_": {},
    "_spaipad_": {},
    "_spamobile_": {},
    "_spatablet_": {},
    "_spawindowstablet_": {},
    "_spawinphone8_": {},
    "_tabrcandroid_": {},
    "_top_": {
        "type": "string",
        "value": "0dp"
    },
    "_vizProps_": {
        "hidewidgethierarchy": false
    },
    "_width_": {
        "type": "string",
        "value": "100%"
    },
    "_windows10_": {},
    "_windows8_": {},
    "_winphone10_": {},
    "_winphone8_": {},
    "areflexpropsreferenced": false,
    "autogrowmode": 0,
    "canUpdateUI": true,
    "clipbounds": true,
    "containerweight": 0,
    "dataDiffs": {
        "appheader": {
            "__events__": {},
            "__info__": {
                "isRoot": true,
                "kuid": "edfac96e53cf402ba6016a0b7c71dad7",
                "srcKUID": "bee1d4ddfb6b45b1ab7de40f2d7d89fb",
                "wType": "FlexContainer"
            }
        },
        "lblHeader": {
            "__events__": {},
            "__info__": {
                "kuid": "affc59429bed4a9eb12bd8761cca9e19",
                "srcKUID": "fa02c53ebcb1471eb98dbaa8f88a765c",
                "wType": "Label"
            }
        }
    },
    "enablescrolling": true,
    "id": "appheader",
    "info": null,
    "iscustomlayout": false,
    "isdatareferenced": false,
    "isvisible": true,
    "kuid": "edfac96e53cf402ba6016a0b7c71dad7",
    "layouttype": 2,
    "masterType": 0,
    "name": "kony.ui.UserWidgetInstance",
    "parent": "flexMain",
    "pf": "frmHome",
    "retaincontentalignment": false,
    "retainflexpositionproperties": false,
    "snapgridsize": 10,
    "snaptogrid": true,
    "sourceUserWidget": "bee1d4ddfb6b45b1ab7de40f2d7d89fb",
    "wType": "UserWidgetInstance"
}