{
    "@class": "com.kony.gen.viz.model.container.KVizSegment2",
    "DNDConfig": null,
    "__parentReadjusting__": false,
    "_data_": [
        {
            "imgDisease": {
                "@class": "com.viz.ide.model.segment.ImageSegmentData",
                "src": "heart1.png"
            },
            "lblDisease": {
                "@class": "com.viz.ide.model.segment.SimpleTextSegmentData",
                "text": "Heart disease prediction"
            }
        },
        {
            "imgDisease": {
                "@class": "com.viz.ide.model.segment.ImageSegmentData",
                "src": "cancer.png"
            },
            "lblDisease": {
                "@class": "com.viz.ide.model.segment.SimpleTextSegmentData",
                "text": "Breast cancer prediction"
            }
        },
        {
            "imgDisease": {
                "@class": "com.viz.ide.model.segment.ImageSegmentData",
                "src": "lungs.png"
            },
            "lblDisease": {
                "@class": "com.viz.ide.model.segment.SimpleTextSegmentData",
                "text": "Respiratory diseases prediction"
            }
        },
        {
            "imgDisease": {
                "@class": "com.viz.ide.model.segment.ImageSegmentData",
                "src": "lungs1.png"
            },
            "lblDisease": {
                "@class": "com.viz.ide.model.segment.SimpleTextSegmentData",
                "text": "Tuberculosis prediction"
            }
        },
        {
            "imgDisease": {
                "@class": "com.viz.ide.model.segment.ImageSegmentData",
                "src": "liver1.png"
            },
            "lblDisease": {
                "@class": "com.viz.ide.model.segment.SimpleTextSegmentData",
                "text": "Liver disease predicion"
            }
        }
    ],
    "_height_": {
        "type": "ref",
        "value": "preferred"
    },
    "_indicator_": "none",
    "_margin_": [
        0,
        0,
        0,
        0
    ],
    "_orientation_": 2,
    "_padding_": [
        0,
        0,
        0,
        0
    ],
    "_top_": {
        "type": "string",
        "value": "20dp"
    },
    "_width_": {
        "type": "string",
        "value": "90%"
    },
    "autogrowmode": 1,
    "canUpdateUI": true,
    "centerx": {
        "type": "string",
        "value": "50%"
    },
    "containerweight": 100,
    "counter": "04",
    "focusedindex": null,
    "focuseditem": null,
    "groupcells": false,
    "hasSections": false,
    "hiddencolumns": {},
    "id": "segDiseasePredictions",
    "ide_onRowClick": "AS_Segment_id8550a531fd49819def2ee4d1d5edd2",
    "info": null,
    "ipad": {
        "psp": {
            "indicator": "rowselect"
        }
    },
    "iphone": {
        "psp": {
            "indicator": "rowselect"
        }
    },
    "iscustomlayout": false,
    "isvisible": true,
    "kuid": "ecb061e1ba3e49139ad0a060ee324a58",
    "masterdata": {},
    "name": "kony.ui.SegmentedUI2",
    "needpageindicator": true,
    "pageoffdotimage": "pageoffdot.png",
    "pageondotimage": "pageondot.png",
    "paginationconfig": {
        "position": "bottom"
    },
    "parent": "flexMain",
    "pf": "frmHome",
    "retaincontentalignment": false,
    "retainflexpositionproperties": false,
    "retainselection": false,
    "rowTemplateId": "feecd51df9494247902e4cf5bb2cf120",
    "rowcounter": 4,
    "rowfocusskin": "sd2db47526a24988b474f308e50f28f5",
    "rowskin": "s3d6a51a2fb64a679876a2579fe3dc5f",
    "rowtemplate": "segFlexRow",
    "screenlevelwidget": false,
    "seccounter": 0,
    "sectionheaderskin": "sb12841d78dd46199180cf82ca737a11",
    "selectedRows": null,
    "selectedState": false,
    "selectedindex": null,
    "selectedindices": null,
    "selecteditems": null,
    "selectedsectionindex": 0,
    "selectionbehavior": "default",
    "separatorcolor": "aaaaaa00",
    "separatorrequired": true,
    "separatorthickness": 1,
    "showscrollbars": false,
    "viewtype": "tableview",
    "vizProps": {},
    "wType": "Segment",
    "widgetalignment": 5,
    "widgetdatamap": {
        "flexDivider": "flexDivider",
        "imgDisease": "imgDisease",
        "lblDisease": "lblDisease",
        "segFlexRow": "segFlexRow"
    },
    "zindex": 1
}